model,case,token,token_category
BART,C3,satisfactory,content/domain
BART,C4,Deep,content/domain
BART,C4,bs,content/domain
BART,C4,outstanding,content/domain
BART,C4,).,punctuation
BART,C4,1997,number
BART,C4,suffered,content/domain
BART,C4,Table,content/domain
BART,C4,continues,content/domain
BART,C4,AI,content/domain
BART,C4,promising,evaluative
BART,C4,unnecessary,evaluative
BART,C4,crucial,content/domain
BART,C4,dependence,content/domain
BART,C4,2021,number
BART,C4,2021,number
BART,C4,contrasts,content/domain
BART,C4,et,content/domain
BART,C4,sentence,content/domain
BART,C4,reasonable,evaluative
BART,C4,],punctuation
BART,C4,improvements,content/domain
BART,C4,4,number
BART,C4,).,punctuation
BART,C4,1996,number
BART,C4,ineffective,evaluative
BART,C4,(,punctuation
BART,C4,s,content/domain
BART,C4,inefficient,evaluative
BART,C4,but,stopword
BART,C4,minimized,content/domain
BART,C4,needs,content/domain
BART,C4,states,content/domain
BART,C4,Collins,content/domain
BART,C4,over,stopword
BART,C4,learning,content/domain
BART,C4,3,number
BART,C4,follows,content/domain
BART,C4,1997,number
BART,C4,2003,number
BART,C4,excessive,content/domain
BART,C3,but,stopword
BART,C4,.,punctuation
BART,C4,",",punctuation
BART,C4,.,punctuation
BART,C4,et,content/domain
BART,C4,The,stopword
BART,C4,.,punctuation
BART,C3,.,punctuation
BART,C4,Despite,content/domain
BART,C3,2007,number
BART,C4,overlook,content/domain
BART,C4,).,punctuation
BART,C4,rare,content/domain
BART,C4,unreliable,content/domain
BART,C4,).,punctuation
BART,C4,Collins,content/domain
BART,C4,=,punctuation
BART,C4,).,punctuation
BART,C4,2019,number
BART,C4,demonstrates,content/domain
BART,C4,2005,number
BART,C4,publicly,content/domain
BART,C4,",",punctuation
BART,C4,(,punctuation
BART,C3,.,punctuation
BART,C4,on,stopword
BART,C3,our,stopword
BART,C4,).,punctuation
BART,C4,(,punctuation
BART,C4,Despite,content/domain
BART,C4,observations,content/domain
BART,C4,[,punctuation
BART,C4,[,punctuation
BART,C4,2024,number
BART,C4,2024,number
BART,C4,features,content/domain
BART,C4,).,punctuation
BART,C4,over,stopword
BART,C4,).,punctuation
BART,C4,crucial,content/domain
BART,C4,proposed,content/domain
BART,C4,provide,content/domain
BART,C4,problems,content/domain
BART,C4,recent,content/domain
BART,C4,overlook,content/domain
BART,C4,2024,number
BART,C3,and,stopword
BART,C4,),punctuation
BART,C4,).,punctuation
BART,C3,).,punctuation
BART,C4,demonstrates,content/domain
BART,C3,solution,content/domain
BART,C4,),punctuation
BART,C4,).,punctuation
BART,C4,popular,evaluative
BART,C4,et,content/domain
BART,C4,(,punctuation
BART,C4,3,number
BART,C4,],punctuation
BART,C4,(,punctuation
BART,C4,learning,content/domain
BART,C3,state,content/domain
BART,C3,well,content/domain
BART,C4,2025,number
BART,C4,.,punctuation
BART,C4,.,punctuation
BART,C4,],punctuation
BART,C4,models,content/domain
BART,C4,2024,number
BART,C4,unnecessary,evaluative
BART,C4,al,content/domain
BART,C4,",",punctuation
BART,C4,],punctuation
BART,C4,2024,number
BART,C4,promotes,content/domain
BART,C4,widely,content/domain
BART,C4,reduced,content/domain
BART,C4,).,punctuation
BART,C4,[,punctuation
BART,C4,",",punctuation
BART,C4,2024,number
BART,C4,suffered,content/domain
BART,C4,entropy,content/domain
BART,C4,found,content/domain
BART,C4,definitive,content/domain
BART,C4,and,stopword
BART,C4,however,content/domain
BART,C4,improvements,content/domain
BART,C4,.,punctuation
BART,C3,but,stopword
BART,C4,While,stopword
BART,C4,inadequate,content/domain
BART,C4,(,punctuation
BART,C4,2019,number
BART,C4,excessive,content/domain
BART,C4,2025,number
BART,C4,2025,number
BART,C4,.,punctuation
BART,C4,compelling,content/domain
BART,C4,2024,number
BART,C4,.,punctuation
BART,C4,s,content/domain
BART,C4,Another,content/domain
BART,C4,".,",punctuation
BART,C4,.,punctuation
BART,C4,2024,number
BART,C4,overhead,content/domain
BART,C4,expands,content/domain
BART,C4,still,content/domain
BART,C4,reliance,content/domain
BART,C4,],punctuation
BART,C4,However,content/domain
BART,C3,By,stopword
BART,C4,achieves,content/domain
BART,C4,On,stopword
BART,C4,Despite,content/domain
BART,C4,)',punctuation
BART,C4,demonstrates,content/domain
BART,C4,.,punctuation
BART,C4,satisfying,evaluative
BART,C4,],punctuation
BART,C4,not,negation
BART,C4,1995,number
BART,C4,is,stopword
BART,C4,good,evaluative
BART,C4,),punctuation
BART,C4,2022,number
BART,C4,demonstrates,content/domain
BART,C4,incompatible,content/domain
BART,C4,et,content/domain
BART,C4,outdated,content/domain
BART,C4,2003,number
BART,C4,.,punctuation
BART,C4,2024,number
BART,C4,novel,evaluative
BART,C4,demonstrates,content/domain
BART,C4,et,content/domain
BART,C4,concise,content/domain
BART,C4,As,stopword
BART,C4,F,content/domain
BART,C4,across,content/domain
BART,C4,across,content/domain
BART,C4,The,stopword
BART,C4,2024,number
BART,C4,convenient,content/domain
BART,C4,).,punctuation
BART,C4,[,punctuation
BART,C4,atable,content/domain
BART,C4,2024,number
BART,C4,(,punctuation
BART,C3,).,punctuation
BART,C4,We,stopword
BART,C4,overlook,content/domain
BART,C4,improving,content/domain
BART,C4,inspire,content/domain
BART,C4,Osborne,content/domain
BART,C4,s,content/domain
BART,C4,trouble,content/domain
BART,C4,developed,content/domain
BART,C4,is,stopword
BART,C4,overlook,content/domain
BART,C4,log,content/domain
BART,C4,2003,number
BART,C4,In,stopword
BART,C4,),punctuation
BART,C4,2025,number
BART,C4,continues,content/domain
BART,C4,inefficient,evaluative
BART,C4,2025,number
BART,C3,largest,content/domain
BART,C4,s,content/domain
BART,C4,),punctuation
BART,C4,2005,number
BART,C4,demonstrates,content/domain
BART,C4,states,content/domain
BART,C4,text,content/domain
BART,C4,proposed,content/domain
BART,C4,inadequate,content/domain
BART,C4,)',punctuation
BART,C4,versatility,content/domain
BART,C4,overhead,content/domain
BART,C4,suffered,content/domain
BART,C4,36,number
BART,C4,unpredictable,content/domain
BART,C4,not,negation
BART,C4,transparency,content/domain
BART,C4,breakthrough,content/domain
BART,C4,.,punctuation
BART,C4,[,punctuation
BART,C3,well,content/domain
BART,C4,2006,number
BART,C4,thoroughly,content/domain
BART,C4,not,negation
BART,C4,pressing,content/domain
BART,C4,).,punctuation
BART,C4,risks,content/domain
BART,C4,fully,content/domain
BART,C4,.,punctuation
BART,C4,",",punctuation
BART,C4,",",punctuation
BART,C4,improves,content/domain
BART,C4,cost,content/domain
BART,C3,sophisticated,content/domain
BART,C4,incompatible,content/domain
BART,C4,.,punctuation
BART,C4,required,content/domain
BART,C3,(,punctuation
BART,C3,not,negation
BART,C4,unfair,content/domain
BART,C4,does,stopword
BART,C4,Recently,content/domain
BART,C4,that,stopword
BART,C4,unrealistic,content/domain
BART,C4,problems,content/domain
BART,C4,Second,content/domain
BART,C4,study,content/domain
BART,C4,.,punctuation
BART,C4,actively,content/domain
BART,C4,learning,content/domain
BART,C4,[,punctuation
BART,C4,(,punctuation
BART,C4,2025,number
BART,C4,2024,number
BART,C4,2025,number
BART,C4,1992,number
BART,C4,effectively,content/domain
BART,C4,[,punctuation
BART,C3,lacks,content/domain
BART,C4,.,punctuation
BART,C4,study,content/domain
BART,C4,incomplete,content/domain
BART,C4,2025,number
BART,C4,useful,evaluative
BART,C4,).,punctuation
BART,C4,deep,content/domain
BART,C4,improve,content/domain
BART,C4,outper,content/domain
BART,C4,2007,number
BART,C4,.,punctuation
BART,C4,flawless,content/domain
BART,C4,",",punctuation
BART,C4,substantial,content/domain
BART,C4,demonstrates,content/domain
BART,C3,Recently,content/domain
BART,C4,overlook,content/domain
BART,C4,).,punctuation
BART,C4,not,negation
BART,C4,learning,content/domain
BART,C3,).,punctuation
BART,C3,achieve,content/domain
BART,C4,2024,number
BART,C4,1,number
BART,C4,cost,content/domain
BART,C4,.,punctuation
BART,C4,.,punctuation
BART,C4,],punctuation
BART,C4,diverse,content/domain
BART,C4,enhances,content/domain
BART,C4,iang,content/domain
BART,C4,],punctuation
BART,C4,does,stopword
BART,C4,.,punctuation
BART,C4,does,stopword
BART,C4,),punctuation
BART,C4,.,punctuation
BART,C4,In,stopword
BART,C4,not,negation
BART,C4,implemented,content/domain
BART,C4,T,content/domain
BART,C4,.,punctuation
BART,C4,Despite,content/domain
BART,C4,Deep,content/domain
BART,C4,2021,number
BART,C4,2003,number
BART,C4,],punctuation
BART,C4,1990,number
BART,C4,5,number
BART,C4,eliminated,content/domain
BART,C4,unstable,content/domain
BART,C4,2016,number
BART,C4,[,punctuation
BART,C4,innovative,content/domain
BART,C4,across,content/domain
BART,C4,impractical,content/domain
BART,C4,not,negation
BART,C4,mistakes,content/domain
BART,C4,unrealistic,content/domain
BART,C3,the,stopword
BART,C4,fails,content/domain
BART,C4,advancements,content/domain
BART,C4,not,negation
BART,C4,The,stopword
BART,C4,focus,content/domain
BART,C4,transparency,content/domain
BART,C4,31,number
BART,C4,study,content/domain
BART,C4,demonstrates,content/domain
BART,C4,.,punctuation
BART,C4,),punctuation
BART,C4,.,punctuation
BART,C4,.,punctuation
BART,C4,2021,number
BART,C4,(,punctuation
BART,C4,not,negation
BART,C4,[,punctuation
BART,C4,algorithms,content/domain
BART,C4,discredited,content/domain
BART,C4,[,punctuation
BART,C4,demonstrates,content/domain
BART,C4,",",punctuation
BART,C4,outdated,content/domain
BART,C4,not,negation
BART,C4,21,number
BART,C4,),punctuation
BART,C4,).,punctuation
BART,C4,problems,content/domain
BART,C4,all,stopword
BART,C4,best,evaluative
BART,C4,fail,content/domain
BART,C4,simplest,content/domain
BART,C4,).,punctuation
BART,C4,adapted,content/domain
BART,C4,reduced,content/domain
BART,C4,not,negation
BART,C4,well,content/domain
BART,C4,substantial,content/domain
BART,C4,board,content/domain
BART,C4,".,",punctuation
BART,C4,but,stopword
BART,C4,unnecessary,evaluative
BART,C4,unnecessary,evaluative
BART,C4,LOC,content/domain
BART,C4,guaranteed,content/domain
BART,C4,eleg,content/domain
BART,C4,not,negation
BART,C4,23,number
BART,C4,].,punctuation
BART,C4,Despite,content/domain
BART,C4,and,stopword
BART,C4,),punctuation
BART,C4,is,stopword
BART,C4,underscores,content/domain
BART,C4,2,number
BART,C4,robust,evaluative
BART,C4,unreliable,content/domain
BART,C4,2024,number
BART,C4,overlook,content/domain
BART,C3,et,content/domain
BART,C4,structure,content/domain
BART,C4,).,punctuation
BART,C4,2019,number
BART,C4,[,punctuation
BART,C4,Despite,content/domain
BART,C4,4,number
BART,C4,.,punctuation
BART,C4,Despite,content/domain
BART,C4,.,punctuation
BART,C4,",",punctuation
BART,C4,?,punctuation
BART,C4,well,content/domain
BART,C4,).,punctuation
BART,C4,adoption,content/domain
BART,C4,).,punctuation
BART,C4,art,content/domain
BART,C4,high,content/domain
BART,C3,make,content/domain
BART,C4,enabled,content/domain
BART,C4,.,punctuation
BART,C4,learning,content/domain
BART,C3,ably,content/domain
BART,C4,1996,number
BART,C4,.,punctuation
BART,C4,).,punctuation
BART,C3,(,punctuation
BART,C4,new,content/domain
BART,C4,redundant,content/domain
BART,C4,Collins,content/domain
BART,C4,but,stopword
BART,C4,",",punctuation
BART,C4,.,punctuation
BART,C4,not,negation
BART,C4,stronger,content/domain
BART,C4,instability,content/domain
BART,C4,23,number
BART,C4,",",punctuation
BART,C4,rarely,content/domain
BART,C4,high,content/domain
BART,C4,.,punctuation
BART,C4,The,stopword
BART,C4,2024,number
BART,C3,et,content/domain
BART,C4,et,content/domain
BART,C4,V,content/domain
BART,C4,16,number
BART,C4,11,number
BART,C4,guaranteed,content/domain
BART,C4,).,punctuation
BART,C4,versatility,content/domain
BART,C4,continues,content/domain
BART,C4,1993,number
BART,C4,highly,content/domain
BART,C4,which,content/domain
BART,C4,2025,number
BART,C4,ized,content/domain
BART,C4,provide,content/domain
BART,C4,not,negation
BART,C4,outdated,content/domain
BART,C4,).,punctuation
BART,C4,20,number
BART,C4,complexity,content/domain
BART,C4,To,stopword
BART,C4,[,punctuation
BART,C4,inefficient,evaluative
BART,C4,.,punctuation
BART,C3,highlighted,content/domain
BART,C4,states,content/domain
BART,C4,2022,number
BART,C4,)',punctuation
BART,C4,&,punctuation
BART,C3,outper,content/domain
BART,C4,adoption,content/domain
BART,C4,introduced,content/domain
BART,C4,convinc,content/domain
BART,C4,suffered,content/domain
BART,C4,to,stopword
BART,C4,",",punctuation
BART,C4,innovative,content/domain
BART,C4,2022,number
BART,C4,not,negation
BART,C4,impractical,content/domain
BART,C3,weaknesses,content/domain
BART,C4,As,stopword
BART,C4,meticulously,content/domain
BART,C4,2025,number
BART,C4,strong,evaluative
BART,C4,study,content/domain
BART,C4,complexity,content/domain
BART,C4,overlook,content/domain
BART,C4,inadequate,content/domain
BART,C4,does,stopword
BART,C4,.,punctuation
BART,C4,focus,content/domain
BART,C4,(,punctuation
BART,C4,Despite,content/domain
BART,C4,learning,content/domain
BART,C4,exemplary,content/domain
BART,C4,.,punctuation
BART,C4,2024,number
BART,C4,.,punctuation
BART,C4,continues,content/domain
BART,C4,),punctuation
BART,C4,competitive,evaluative
BART,C4,.,punctuation
BART,C4,focus,content/domain
BART,C4,overs,content/domain
BART,C4,).,punctuation
BART,C4,growing,content/domain
BART,C4,improve,content/domain
BART,C4,fairly,content/domain
BART,C4,authors,content/domain
BART,C4,falls,content/domain
BART,C3,",",punctuation
BART,C4,seminal,content/domain
BART,C4,2024,number
BART,C4,not,negation
BART,C4,manipulation,content/domain
BART,C4,.,punctuation
BART,C4,does,stopword
BART,C4,paradigm,content/domain
BART,C4,1996,number
BART,C4,achieved,content/domain
BART,C4,1990,number
BART,C4,case,content/domain
BART,C4,).,punctuation
BART,C4,consistent,content/domain
BART,C4,versatility,content/domain
BART,C4,.,punctuation
BART,C4,34,number
BART,C3,.,punctuation
BART,C4,learning,content/domain
BART,C4,.,punctuation
BART,C4,cost,content/domain
BART,C4,impractical,content/domain
BART,C4,5,number
BART,C4,limitations,evaluative
BART,C4,Despite,content/domain
BART,C4,.,punctuation
BART,C4,2024,number
BART,C4,",",punctuation
BART,C4,unnecessary,evaluative
BART,C4,2025,number
BART,C4,innovative,content/domain
BART,C4,compromised,content/domain
BART,C4,(,punctuation
BART,C4,unacceptable,content/domain
BART,C4,"),",punctuation
BART,C4,cannot,content/domain
BART,C4,).,punctuation
T5,C3,satisfactory,content/domain
T5,C4,.,punctuation
T5,C4,;,punctuation
T5,C4,The,stopword
T5,C4,of,stopword
T5,C4,probabil,content/domain
T5,C4,unstable,content/domain
T5,C4,We,stopword
T5,C4,growing,content/domain
T5,C4,excessive,content/domain
T5,C4,.,punctuation
T5,C4,claims,content/domain
T5,C4,role,content/domain
T5,C4,excessive,content/domain
T5,C4,",",punctuation
T5,C4,challenges,content/domain
T5,C4,contrast,content/domain
T5,C4,The,stopword
T5,C4,",",punctuation
T5,C4,model,content/domain
T5,C4,overhead,content/domain
T5,C4,processing,content/domain
T5,C4,.,punctuation
T5,C4,intuition,content/domain
T5,C4,maximum,content/domain
T5,C4,real,content/domain
T5,C4,1996),number
T5,C4,.,punctuation
T5,C4,.,punctuation
T5,C4,kernel,content/domain
T5,C4,(,punctuation
T5,C4,.,punctuation
T5,C4,to,stopword
T5,C4,The,stopword
T5,C4,attacks,content/domain
T5,C4,sky,content/domain
T5,C4,).,punctuation
T5,C4,condition,content/domain
T5,C4,",",punctuation
T5,C4,We,stopword
T5,C4,.,punctuation
T5,C3,in,stopword
T5,C4,Our,stopword
T5,C4,terms,content/domain
T5,C4,role,content/domain
T5,C4,significant,evaluative
T5,C4,",",punctuation
T5,C4,error,content/domain
T5,C3,gaz,content/domain
T5,C4,",",punctuation
T5,C3,positive,evaluative
T5,C4,.,punctuation
T5,C4,),punctuation
T5,C4,The,stopword
T5,C4,liable,content/domain
T5,C4,phrase,content/domain
T5,C4,set,content/domain
T5,C4,",",punctuation
T5,C4,",",punctuation
T5,C4,efficiencies,content/domain
T5,C4,s,content/domain
T5,C4,the,stopword
T5,C4,En,content/domain
T5,C4,mis,content/domain
T5,C4,and,stopword
T5,C3,",",punctuation
T5,C4,using,content/domain
T5,C4,used,content/domain
T5,C4,to,stopword
T5,C4,.,punctuation
T5,C4,",",punctuation
T5,C4,End,content/domain
T5,C4,approach,content/domain
T5,C4,method,content/domain
T5,C4,),punctuation
T5,C4,and,stopword
T5,C4,Select,content/domain
T5,C4,improve,content/domain
T5,C4,effect,content/domain
T5,C4,le,content/domain
T5,C4,role,content/domain
T5,C4,negative,evaluative
T5,C4,.,punctuation
T5,C4,introduce,content/domain
T5,C4,d,content/domain
T5,C4,.,punctuation
T5,C4,importance,content/domain
T5,C3,membrane,content/domain
T5,C4,David,content/domain
T5,C4,We,stopword
T5,C3,2007,number
T5,C4,s,content/domain
T5,C4,gives,content/domain
T5,C4,(,punctuation
T5,C4,2008,number
T5,C4,quality,content/domain
T5,C4,",",punctuation
T5,C4,ation,content/domain
T5,C4,get,content/domain
T5,C4,without,negation
T5,C4,",",punctuation
T5,C4,mis,content/domain
T5,C4,state,content/domain
T5,C3,confirming,content/domain
T5,C4,.,punctuation
T5,C4,we,stopword
T5,C4,relationship,content/domain
T5,C4,approach,content/domain
T5,C4,.,punctuation
T5,C4,",",punctuation
T5,C4,.,punctuation
T5,C4,shaw,content/domain
T5,C4,",",punctuation
T5,C4,without,negation
T5,C4,.,punctuation
T5,C4,the,stopword
T5,C4,innovative,content/domain
T5,C4,.,punctuation
T5,C4,In,stopword
T5,C4,The,stopword
T5,C4,5,number
T5,C4,",",punctuation
T5,C4,(,punctuation
T5,C4,an,stopword
T5,C4,It,stopword
T5,C4,definitive,content/domain
T5,C4,Open,content/domain
T5,C4,which,content/domain
T5,C4,small,content/domain
T5,C4,Collins,content/domain
T5,C4,Maximum,content/domain
T5,C4,tags,content/domain
T5,C4,Lee,content/domain
T5,C4,This,stopword
T5,C4,to,stopword
T5,C4,.,punctuation
T5,C4,improving,content/domain
T5,C4,(,punctuation
T5,C4,English,content/domain
T5,C4,methodology,content/domain
T5,C4,regulatory,content/domain
T5,C4,2,number
T5,C4,",",punctuation
T5,C4,with,stopword
T5,C4,approach,content/domain
T5,C4,approach,content/domain
T5,C4,d,content/domain
T5,C4,overhead,content/domain
T5,C4,",",punctuation
T5,C4,progress,content/domain
T5,C4,valid,content/domain
T5,C4,.,punctuation
T5,C4,(,punctuation
T5,C3,",",punctuation
T5,C4,.,punctuation
T5,C3,machine,content/domain
T5,C4,",",punctuation
T5,C4,in,stopword
T5,C4,s,content/domain
T5,C4,(,punctuation
T5,C4,detail,content/domain
T5,C4,results,content/domain
T5,C4,.,punctuation
T5,C4,the,stopword
T5,C4,(,punctuation
T5,C4,Our,stopword
T5,C4,not,negation
T5,C4,narrow,content/domain
T5,C4,s,content/domain
T5,C4,in,stopword
T5,C3,2008,number
T5,C4,outdated,content/domain
T5,C4,recent,content/domain
T5,C4,3,number
T5,C4,reduced,content/domain
T5,C4,MT,content/domain
T5,C4,.,punctuation
T5,C4,",",punctuation
T5,C4,2007,number
T5,C4,risks,content/domain
T5,C4,derivative,content/domain
T5,C4,.,punctuation
T5,C4,.,punctuation
T5,C4,(,punctuation
T5,C4,",",punctuation
T5,C4,",",punctuation
T5,C4,hypothesis,content/domain
T5,C4,(,punctuation
T5,C4,excellent,content/domain
T5,C4,sources,content/domain
T5,C4,",",punctuation
T5,C4,standard,content/domain
T5,C4,analyze,content/domain
T5,C4,.,punctuation
T5,C4,improving,content/domain
T5,C4,",",punctuation
T5,C4,errors,content/domain
T5,C4,.,punctuation
T5,C4,call,content/domain
T5,C4,Nie,content/domain
T5,C4,",",punctuation
T5,C4,.,punctuation
T5,C4,log,content/domain
T5,C4,",",punctuation
T5,C4,In,stopword
T5,C4,The,stopword
T5,C4,is,stopword
T5,C4,",",punctuation
T5,C4,efficient,evaluative
T5,C4,cia,content/domain
T5,C3,largest,content/domain
T5,C4,e,content/domain
T5,C4,our,stopword
T5,C4,performance,content/domain
T5,C4,s,content/domain
T5,C4,to,stopword
T5,C4,which,content/domain
T5,C3,].,punctuation
T5,C4,research,content/domain
T5,C4,",",punctuation
T5,C4,.,punctuation
T5,C4,introduced,content/domain
T5,C4,and,stopword
T5,C4,",",punctuation
T5,C4,growing,content/domain
T5,C4,in,stopword
T5,C4,.,punctuation
T5,C4,-,punctuation
T5,C4,Per,content/domain
T5,C4,method,content/domain
T5,C3,describes,content/domain
T5,C4,We,stopword
T5,C4,u,content/domain
T5,C4,.,punctuation
T5,C4,risks,content/domain
T5,C4,1996,number
T5,C4,risks,content/domain
T5,C4,",",punctuation
T5,C4,.,punctuation
T5,C4,minimum,content/domain
T5,C4,The,stopword
T5,C4,smaller,content/domain
T5,C4,tangible,content/domain
T5,C3,rule,content/domain
T5,C4,zero,content/domain
T5,C4,of,stopword
T5,C4,amount,content/domain
T5,C3,adopt,content/domain
T5,C3,number,content/domain
T5,C4,.,punctuation
T5,C4,contributions,content/domain
T5,C4,a,stopword
T5,C4,ing,content/domain
T5,C4,rendering,content/domain
T5,C4,problems,content/domain
T5,C4,(,punctuation
T5,C4,methodology,content/domain
T5,C4,S,content/domain
T5,C4,ways,content/domain
T5,C4,continues,content/domain
T5,C4,or,stopword
T5,C4,We,stopword
T5,C4,machinery,content/domain
T5,C4,off,stopword
T5,C4,.,punctuation
T5,C4,a,stopword
T5,C4,",",punctuation
T5,C4,method,content/domain
T5,C3,of,stopword
T5,C4,and,stopword
T5,C4,leaving,content/domain
T5,C4,positive,evaluative
T5,C4,introduced,content/domain
T5,C4,is,stopword
T5,C4,.,punctuation
T5,C4,role,content/domain
T5,C4,",",punctuation
T5,C4,to,stopword
T5,C4,commonly,content/domain
T5,C4,.,punctuation
T5,C4,.,punctuation
T5,C4,2007.,number
T5,C4,systems,content/domain
T5,C4,exceptional,evaluative
T5,C3,s,content/domain
T5,C4,.,punctuation
T5,C4,1997,number
T5,C4,.,punctuation
T5,C4,to,stopword
T5,C4,recall,content/domain
T5,C3,s,content/domain
T5,C4,writing,content/domain
T5,C4,production,content/domain
T5,C4,tangible,content/domain
T5,C4,2008,number
T5,C4,",",punctuation
T5,C4,without,negation
T5,C4,(,punctuation
T5,C4,enhance,content/domain
T5,C4,(,punctuation
T5,C4,overhead,content/domain
T5,C4,significant,evaluative
T5,C4,",",punctuation
T5,C4,.,punctuation
T5,C4,.,punctuation
T5,C4,T,content/domain
T5,C4,adopt,content/domain
T5,C4,.,punctuation
T5,C4,using,content/domain
T5,C4,",",punctuation
T5,C4,),punctuation
T5,C4,.,punctuation
T5,C4,.,punctuation
T5,C4,used,content/domain
T5,C4,",",punctuation
T5,C4,without,negation
T5,C4,(,punctuation
T5,C4,machine,content/domain
T5,C4,volume,content/domain
T5,C4,en,content/domain
T5,C4,.,punctuation
T5,C4,",",punctuation
T5,C4,faster,content/domain
T5,C4,.,punctuation
T5,C4,im,content/domain
T5,C4,While,stopword
T5,C4,discussing,content/domain
T5,C4,assumptions,content/domain
T5,C4,confidence,content/domain
T5,C4,to,stopword
T5,C4,impressive,content/domain
T5,C4,backed,content/domain
T5,C4,minimum,content/domain
T5,C4,automation,content/domain
T5,C4,.,punctuation
T5,C4,process,content/domain
T5,C4,sufficient,content/domain
T5,C4,s,content/domain
T5,C4,growing,content/domain
T5,C4,(,punctuation
T5,C4,condition,content/domain
T5,C4,supervised,content/domain
T5,C4,al,content/domain
T5,C4,rase,content/domain
T5,C4,.,punctuation
T5,C4,ability,content/domain
T5,C4,mis,content/domain
T5,C4,theoretical,content/domain
T5,C4,",",punctuation
T5,C4,s,content/domain
T5,C4,:,punctuation
T5,C4,.,punctuation
T5,C4,.,punctuation
T5,C4,descriptive,content/domain
T5,C4,s,content/domain
T5,C4,",",punctuation
T5,C4,problems,content/domain
T5,C4,(,punctuation
T5,C4,better,evaluative
T5,C4,to,stopword
T5,C4,which,content/domain
T5,C4,2002,number
T5,C4,We,stopword
T5,C4,",",punctuation
T5,C4,backed,content/domain
T5,C4,evaluation,content/domain
T5,C4,",",punctuation
T5,C4,identified,content/domain
T5,C4,emphasized,content/domain
T5,C4,",",punctuation
T5,C4,",",punctuation
T5,C4,described,content/domain
T5,C4,to,stopword
T5,C4,s,content/domain
T5,C4,.,punctuation
T5,C4,is,stopword
T5,C4,.,punctuation
T5,C4,-,punctuation
T5,C4,pressing,content/domain
T5,C4,and,stopword
T5,C4,transformation,content/domain
T5,C4,progress,content/domain
T5,C4,.,punctuation
T5,C4,parameter,content/domain
T5,C4,).,punctuation
T5,C4,The,stopword
T5,C4,",",punctuation
T5,C4,.,punctuation
T5,C3,",",punctuation
T5,C4,see,content/domain
T5,C4,English,content/domain
T5,C4,performance,content/domain
T5,C4,ability,content/domain
T5,C4,problems,content/domain
T5,C4,4.1,number
T5,C4,",",punctuation
T5,C4,",",punctuation
T5,C4,and,stopword
T5,C4,",",punctuation
T5,C4,values,content/domain
T5,C3,).,punctuation
T5,C4,).,punctuation
T5,C4,intelligence,content/domain
T5,C4,The,stopword
T5,C4,art,content/domain
T5,C4,provided,content/domain
T5,C3,",",punctuation
T5,C4,",",punctuation
T5,C4,),punctuation
T5,C4,to,stopword
T5,C3,used,content/domain
T5,C4,er,content/domain
T5,C4,complexity,content/domain
T5,C4,(,punctuation
T5,C3,tuned,content/domain
T5,C4,of,stopword
T5,C4,produced,content/domain
T5,C4,incremental,content/domain
T5,C4,presents,content/domain
T5,C4,decisions,content/domain
T5,C4,mutual,content/domain
T5,C4,ill,content/domain
T5,C4,",",punctuation
T5,C4,sizes,content/domain
T5,C4,creative,content/domain
T5,C4,role,content/domain
T5,C4,un,content/domain
T5,C4,overhead,content/domain
T5,C4,error,content/domain
T5,C4,processing,content/domain
T5,C4,(,punctuation
T5,C3,),punctuation
T5,C4,gains,content/domain
T5,C4,the,stopword
T5,C3,fabrication,content/domain
T5,C4,app,content/domain
T5,C4,performance,content/domain
T5,C4,affected,content/domain
T5,C4,remarkable,content/domain
T5,C4,continues,content/domain
T5,C4,machine,content/domain
T5,C4,.,punctuation
T5,C4,.,punctuation
T5,C4,innovative,content/domain
T5,C4,.,punctuation
T5,C4,In,stopword
T5,C4,problem,content/domain
T5,C4,outdated,content/domain
T5,C4,",",punctuation
T5,C4,.,punctuation
T5,C4,(,punctuation
T5,C4,",",punctuation
T5,C4,method,content/domain
T5,C4,efficient,evaluative
T5,C4,",",punctuation
T5,C3,the,stopword
T5,C4,to,stopword
T5,C4,(,punctuation
T5,C4,(,punctuation
T5,C4,low,content/domain
T5,C3,correspondence,content/domain
T5,C4,pressing,content/domain
T5,C4,.,punctuation
T5,C4,",",punctuation
T5,C4,modified,content/domain
T5,C4,continues,content/domain
T5,C4,",",punctuation
T5,C4,(,punctuation
T5,C4,rather,content/domain
T5,C4,backed,content/domain
T5,C4,im,content/domain
T5,C3,Unfortunately,content/domain
T5,C4,",",punctuation
T5,C4,",",punctuation
T5,C4,number,content/domain
T5,C4,.,punctuation
T5,C4,",",punctuation
T5,C4,The,stopword
T5,C4,.,punctuation
T5,C4,is,stopword
T5,C4,contributions,content/domain
T5,C4,a,stopword
T5,C4,risks,content/domain
T5,C4,:,punctuation
T5,C4,pressing,content/domain
T5,C4,continues,content/domain
T5,C4,The,stopword
T5,C4,y,content/domain
T5,C4,positive,evaluative
T5,C4,.,punctuation
T5,C4,continues,content/domain
T5,C4,",",punctuation
T5,C4,.,punctuation
T5,C4,advances,content/domain
T5,C4,risks,content/domain
T5,C4,and,stopword
T5,C4,",",punctuation
T5,C4,growing,content/domain
T5,C4,that,stopword
T5,C4,",",punctuation
T5,C4,.,punctuation
T5,C4,by,stopword
T5,C4,Wu,content/domain
T5,C4,A,stopword
T5,C4,detailed,content/domain
T5,C4,(,punctuation
T5,C4,.,punctuation
T5,C4,.,punctuation
T5,C4,practical,content/domain
T5,C4,initiated,content/domain
T5,C4,in,stopword
T5,C4,degradation,content/domain
T5,C4,(,punctuation
T5,C4,(19,number
T5,C4,2004,number
T5,C4,(2005),number
T5,C4,.,punctuation
T5,C4,d,content/domain
T5,C4,intelligence,content/domain
T5,C3,we,stopword
T5,C4,progress,content/domain
T5,C4,",",punctuation
T5,C4,tangible,content/domain
T5,C4,im,content/domain
T5,C4,in,stopword
T5,C4,leaving,content/domain
T5,C4,",",punctuation
T5,C4,gov,content/domain
T5,C4,",",punctuation
T5,C4,implications,content/domain
T5,C4,significance,content/domain
T5,C4,added,content/domain
T5,C4,s,content/domain
T5,C4,compromised,content/domain
T5,C4,word,content/domain
T5,C4,data,content/domain
T5,C4,classic,content/domain
T5,C4,work,content/domain
T5,C4,1).,number
SciBERT,C4,satisfactory,content/domain
SciBERT,C4,continues,content/domain
SciBERT,C4,et,content/domain
SciBERT,C4,[,punctuation
SciBERT,C4,straightforward,content/domain
SciBERT,C3,attractive,evaluative
SciBERT,C4,202,number
SciBERT,C4,.,punctuation
SciBERT,C4,pressing,content/domain
SciBERT,C4,reducing,content/domain
SciBERT,C4,promising,evaluative
SciBERT,C4,without,negation
SciBERT,C4,learning,content/domain
SciBERT,C4,actively,content/domain
SciBERT,C4,),punctuation
SciBERT,C4,202,number
SciBERT,C4,.,punctuation
SciBERT,C4,),punctuation
SciBERT,C4,.,punctuation
SciBERT,C4,1996,number
SciBERT,C4,],punctuation
SciBERT,C4,unim,content/domain
SciBERT,C4,1,number
SciBERT,C4,strong,evaluative
SciBERT,C4,),punctuation
SciBERT,C4,ineffective,evaluative
SciBERT,C4,.,punctuation
SciBERT,C4,conflicts,content/domain
SciBERT,C4,[,punctuation
SciBERT,C4,but,stopword
SciBERT,C4,202,number
SciBERT,C4,202,number
SciBERT,C4,paper,content/domain
SciBERT,C4,automatically,content/domain
SciBERT,C4,202,number
SciBERT,C4,only,stopword
SciBERT,C4,2002,number
SciBERT,C4,allows,content/domain
SciBERT,C4,),punctuation
SciBERT,C4,.,punctuation
SciBERT,C4,202,number
SciBERT,C3,fully,content/domain
SciBERT,C4,extra,content/domain
SciBERT,C4,best,evaluative
SciBERT,C4,in,stopword
SciBERT,C4,2007,number
SciBERT,C4,commonly,content/domain
SciBERT,C4,.,punctuation
SciBERT,C3,(,punctuation
SciBERT,C4,improvements,content/domain
SciBERT,C3,2007,number
SciBERT,C4,overlo,content/domain
SciBERT,C4,been,stopword
SciBERT,C4,too,stopword
SciBERT,C4,],punctuation
SciBERT,C4,2003,number
SciBERT,C4,1997,number
SciBERT,C4,.,punctuation
SciBERT,C4,(,punctuation
SciBERT,C4,201,number
SciBERT,C4,],punctuation
SciBERT,C4,about,stopword
SciBERT,C4,En,content/domain
SciBERT,C4,],punctuation
SciBERT,C4,",",punctuation
SciBERT,C3,reasons,content/domain
SciBERT,C4,.,punctuation
SciBERT,C4,1992,number
SciBERT,C4,2002,number
SciBERT,C4,not,negation
SciBERT,C4,effectively,content/domain
SciBERT,C4,),punctuation
SciBERT,C4,63,number
SciBERT,C4,not,negation
SciBERT,C4,overl,content/domain
SciBERT,C4,discour,content/domain
SciBERT,C4,),punctuation
SciBERT,C4,improve,content/domain
SciBERT,C4,over,stopword
SciBERT,C4,2003,number
SciBERT,C4,continue,content/domain
SciBERT,C4,1990,number
SciBERT,C4,Jacob,content/domain
SciBERT,C4,than,stopword
SciBERT,C4,contradict,content/domain
SciBERT,C4,overlo,content/domain
SciBERT,C4,202,number
SciBERT,C3,instance,content/domain
SciBERT,C3,accurate,evaluative
SciBERT,C4,using,content/domain
SciBERT,C3,facilitates,content/domain
SciBERT,C4,],punctuation
SciBERT,C3,solution,content/domain
SciBERT,C4,),punctuation
SciBERT,C4,varies,content/domain
SciBERT,C4,popular,evaluative
SciBERT,C4,],punctuation
SciBERT,C4,7,number
SciBERT,C4,only,stopword
SciBERT,C4,without,negation
SciBERT,C4,described,content/domain
SciBERT,C4,.,punctuation
SciBERT,C4,state,content/domain
SciBERT,C4,2007,number
SciBERT,C4,),punctuation
SciBERT,C4,optimize,content/domain
SciBERT,C4,objects,content/domain
SciBERT,C4,],punctuation
SciBERT,C4,effectively,content/domain
SciBERT,C4,202,number
SciBERT,C4,],punctuation
SciBERT,C4,b,content/domain
SciBERT,C4,concerns,content/domain
SciBERT,C4,without,negation
SciBERT,C4,202,number
SciBERT,C4,promotes,content/domain
SciBERT,C4,(,punctuation
SciBERT,C4,202,number
SciBERT,C4,experiments,content/domain
SciBERT,C4,The,stopword
SciBERT,C4,.,punctuation
SciBERT,C4,seminal,content/domain
SciBERT,C4,suffered,content/domain
SciBERT,C4,(,punctuation
SciBERT,C4,wide,content/domain
SciBERT,C4,Harris,content/domain
SciBERT,C4,each,stopword
SciBERT,C4,well,content/domain
SciBERT,C4,small,content/domain
SciBERT,C4,.,punctuation
SciBERT,C4,no,negation
SciBERT,C4,than,stopword
SciBERT,C4,],punctuation
SciBERT,C4,1997,number
SciBERT,C4,9,number
SciBERT,C4,Lopez,content/domain
SciBERT,C4,202,number
SciBERT,C4,),punctuation
SciBERT,C4,1,number
SciBERT,C4,],punctuation
SciBERT,C4,202,number
SciBERT,C4,2003,number
SciBERT,C4,disabled,content/domain
SciBERT,C4,Another,content/domain
SciBERT,C4,1993,number
SciBERT,C4,this,stopword
SciBERT,C4,erroneous,content/domain
SciBERT,C3,202,number
SciBERT,C4,learning,content/domain
SciBERT,C4,.,punctuation
SciBERT,C4,202,number
SciBERT,C4,],punctuation
SciBERT,C4,However,content/domain
SciBERT,C3,],punctuation
SciBERT,C4,Garcia,content/domain
SciBERT,C4,(,punctuation
SciBERT,C4,improvements,content/domain
SciBERT,C4,ineffective,evaluative
SciBERT,C4,],punctuation
SciBERT,C4,proofs,content/domain
SciBERT,C4,",",punctuation
SciBERT,C4,25,number
SciBERT,C4,not,negation
SciBERT,C4,achieved,content/domain
SciBERT,C4,ignore,content/domain
SciBERT,C4,good,evaluative
SciBERT,C4,2007,number
SciBERT,C4,ignore,content/domain
SciBERT,C4,],punctuation
SciBERT,C4,incompatible,content/domain
SciBERT,C4,success,content/domain
SciBERT,C4,235,number
SciBERT,C4,),punctuation
SciBERT,C4,",",punctuation
SciBERT,C4,202,number
SciBERT,C4,novel,evaluative
SciBERT,C4,],punctuation
SciBERT,C4,While,stopword
SciBERT,C4,2007,number
SciBERT,C4,pressing,content/domain
SciBERT,C4,by,stopword
SciBERT,C4,],punctuation
SciBERT,C4,],punctuation
SciBERT,C4,does,stopword
SciBERT,C4,202,number
SciBERT,C4,Brown,content/domain
SciBERT,C4,employed,content/domain
SciBERT,C3,.,punctuation
SciBERT,C4,202,number
SciBERT,C4,202,number
SciBERT,C4,Alternatively,content/domain
SciBERT,C4,2006,number
SciBERT,C4,.,punctuation
SciBERT,C4,[,punctuation
SciBERT,C4,1992,number
SciBERT,C4,.,punctuation
SciBERT,C4,(,punctuation
SciBERT,C4,),punctuation
SciBERT,C4,314,number
SciBERT,C4,developed,content/domain
SciBERT,C4,1997,number
SciBERT,C4,],punctuation
SciBERT,C4,starting,content/domain
SciBERT,C4,important,evaluative
SciBERT,C4,2005,number
SciBERT,C4,questionable,content/domain
SciBERT,C4,202,number
SciBERT,C4,.,punctuation
SciBERT,C4,69,number
SciBERT,C4,),punctuation
SciBERT,C3,largest,content/domain
SciBERT,C4,),punctuation
SciBERT,C4,2006,number
SciBERT,C4,improvement,evaluative
SciBERT,C4,],punctuation
SciBERT,C4,[,punctuation
SciBERT,C4,.,punctuation
SciBERT,C3,proposed,content/domain
SciBERT,C4,Additionally,content/domain
SciBERT,C4,202,number
SciBERT,C4,becoming,content/domain
SciBERT,C4,overhead,content/domain
SciBERT,C4,202,number
SciBERT,C4,However,content/domain
SciBERT,C4,],punctuation
SciBERT,C4,not,negation
SciBERT,C4,effectively,content/domain
SciBERT,C4,innovative,content/domain
SciBERT,C4,.,punctuation
SciBERT,C4,not,negation
SciBERT,C4,2002,number
SciBERT,C4,.,punctuation
SciBERT,C4,thoroughly,content/domain
SciBERT,C4,not,negation
SciBERT,C4,395,number
SciBERT,C4,exceeds,content/domain
SciBERT,C4,hur,content/domain
SciBERT,C4,yet,content/domain
SciBERT,C4,hur,content/domain
SciBERT,C4,2003,number
SciBERT,C4,software,content/domain
SciBERT,C4,improves,content/domain
SciBERT,C4,without,negation
SciBERT,C3,not,negation
SciBERT,C4,incompatible,content/domain
SciBERT,C4,.,punctuation
SciBERT,C4,required,content/domain
SciBERT,C3,solve,content/domain
SciBERT,C3,2003,number
SciBERT,C4,unf,content/domain
SciBERT,C4,.,punctuation
SciBERT,C4,Recently,content/domain
SciBERT,C4,well,content/domain
SciBERT,C4,Garcia,content/domain
SciBERT,C4,.,punctuation
SciBERT,C4,Second,content/domain
SciBERT,C4,dispute,content/domain
SciBERT,C4,1,number
SciBERT,C4,actively,content/domain
SciBERT,C4,revolution,content/domain
SciBERT,C4,],punctuation
SciBERT,C4,insensitive,content/domain
SciBERT,C4,.,punctuation
SciBERT,C4,suffered,content/domain
SciBERT,C4,202,number
SciBERT,C4,avoid,content/domain
SciBERT,C4,effectively,content/domain
SciBERT,C4,not,negation
SciBERT,C3,lacks,content/domain
SciBERT,C4,.,punctuation
SciBERT,C4,174,number
SciBERT,C4,202,number
SciBERT,C4,),punctuation
SciBERT,C4,.,punctuation
SciBERT,C4,cannot,content/domain
SciBERT,C4,learning,content/domain
SciBERT,C4,improve,content/domain
SciBERT,C3,1992,number
SciBERT,C4,2007,number
SciBERT,C4,),punctuation
SciBERT,C4,appropriately,content/domain
SciBERT,C4,effectiveness,content/domain
SciBERT,C4,substantial,content/domain
SciBERT,C4,],punctuation
SciBERT,C4,],punctuation
SciBERT,C4,[,punctuation
SciBERT,C4,help,content/domain
SciBERT,C4,not,negation
SciBERT,C4,vulnerable,content/domain
SciBERT,C4,robust,evaluative
SciBERT,C3,competitive,evaluative
SciBERT,C3,202,number
SciBERT,C4,essential,content/domain
SciBERT,C4,without,negation
SciBERT,C4,al,content/domain
SciBERT,C4,averaged,content/domain
SciBERT,C4,without,negation
SciBERT,C4,202,number
SciBERT,C4,202,number
SciBERT,C4,2007,number
SciBERT,C4,],punctuation
SciBERT,C4,The,stopword
SciBERT,C4,6,number
SciBERT,C4,],punctuation
SciBERT,C4,2007,number
SciBERT,C4,al,content/domain
SciBERT,C4,paper,content/domain
SciBERT,C4,not,negation
SciBERT,C4,implemented,content/domain
SciBERT,C4,al,content/domain
SciBERT,C4,simplest,content/domain
SciBERT,C4,.,punctuation
SciBERT,C4,continues,content/domain
SciBERT,C4,not,negation
SciBERT,C4,not,negation
SciBERT,C4,without,negation
SciBERT,C3,small,content/domain
SciBERT,C4,2002,number
SciBERT,C4,202,number
SciBERT,C4,unstable,content/domain
SciBERT,C4,2016,number
SciBERT,C4,inconsistencies,content/domain
SciBERT,C4,202,number
SciBERT,C4,],punctuation
SciBERT,C4,impractical,content/domain
SciBERT,C4,not,negation
SciBERT,C4,mistakes,content/domain
SciBERT,C4,[,punctuation
SciBERT,C4,(,punctuation
SciBERT,C4,fails,content/domain
SciBERT,C4,.,punctuation
SciBERT,C4,not,negation
SciBERT,C4,),punctuation
SciBERT,C4,.,punctuation
SciBERT,C4,debug,content/domain
SciBERT,C4,definition,content/domain
SciBERT,C4,The,stopword
SciBERT,C4,],punctuation
SciBERT,C4,.,punctuation
SciBERT,C4,),punctuation
SciBERT,C4,guarantees,content/domain
SciBERT,C4,algorithm,content/domain
SciBERT,C4,202,number
SciBERT,C4,",",punctuation
SciBERT,C4,not,negation
SciBERT,C4,does,stopword
SciBERT,C4,.,punctuation
SciBERT,C3,utilizing,content/domain
SciBERT,C4,vulnerable,content/domain
SciBERT,C4,],punctuation
SciBERT,C4,2003,number
SciBERT,C4,202,number
SciBERT,C4,not,negation
SciBERT,C4,no,negation
SciBERT,C4,),punctuation
SciBERT,C4,suitable,content/domain
SciBERT,C4,holds,content/domain
SciBERT,C4,202,number
SciBERT,C4,1993,number
SciBERT,C4,],punctuation
SciBERT,C4,simplest,content/domain
SciBERT,C4,2002,number
SciBERT,C4,purposes,content/domain
SciBERT,C4,202,number
SciBERT,C4,not,negation
SciBERT,C3,known,content/domain
SciBERT,C4,substantial,content/domain
SciBERT,C4,.,punctuation
SciBERT,C4,second,content/domain
SciBERT,C4,.,punctuation
SciBERT,C4,unnecessary,evaluative
SciBERT,C4,without,negation
SciBERT,C4,PERSON,content/domain
SciBERT,C4,202,number
SciBERT,C4,202,number
SciBERT,C4,not,negation
SciBERT,C4,202,number
SciBERT,C4,[,punctuation
SciBERT,C4,.,punctuation
SciBERT,C4,excellent,content/domain
SciBERT,C4,),punctuation
SciBERT,C4,regularly,content/domain
SciBERT,C4,202,number
SciBERT,C4,.,punctuation
SciBERT,C4,robust,evaluative
SciBERT,C4,9,number
SciBERT,C4,202,number
SciBERT,C4,overlo,content/domain
SciBERT,C3,popular,evaluative
SciBERT,C4,2,number
SciBERT,C4,3,number
SciBERT,C4,201,number
SciBERT,C4,not,negation
SciBERT,C4,.,punctuation
SciBERT,C4,4,number
SciBERT,C4,concern,content/domain
SciBERT,C4,improvements,content/domain
SciBERT,C4,seamless,content/domain
SciBERT,C4,improvements,content/domain
SciBERT,C4,?,punctuation
SciBERT,C3,1996,number
SciBERT,C4,did,stopword
SciBERT,C4,holds,content/domain
SciBERT,C4,generalize,content/domain
SciBERT,C4,art,content/domain
SciBERT,C4,202,number
SciBERT,C3,1993,number
SciBERT,C4,202,number
SciBERT,C4,is,stopword
SciBERT,C4,demonstrated,content/domain
SciBERT,C4,2007,number
SciBERT,C4,uation,content/domain
SciBERT,C4,continue,content/domain
SciBERT,C4,.,punctuation
SciBERT,C3,not,negation
SciBERT,C3,304,number
SciBERT,C4,redundant,content/domain
SciBERT,C4,2004,number
SciBERT,C4,but,stopword
SciBERT,C4,[,punctuation
SciBERT,C4,3,number
SciBERT,C4,202,number
SciBERT,C4,101,number
SciBERT,C4,instability,content/domain
SciBERT,C4,202,number
SciBERT,C4,learning,content/domain
SciBERT,C4,rarely,content/domain
SciBERT,C4,202,number
SciBERT,C4,Eq,content/domain
SciBERT,C4,revolution,content/domain
SciBERT,C4,erroneous,content/domain
SciBERT,C3,),punctuation
SciBERT,C4,failed,content/domain
SciBERT,C4,was,stopword
SciBERT,C4,],punctuation
SciBERT,C4,acceptable,content/domain
SciBERT,C4,202,number
SciBERT,C4,not,negation
SciBERT,C4,exponentially,content/domain
SciBERT,C4,exponentially,content/domain
SciBERT,C4,introduced,content/domain
SciBERT,C4,2004,number
SciBERT,C4,.,punctuation
SciBERT,C4,202,number
SciBERT,C4,202,number
SciBERT,C4,202,number
SciBERT,C4,not,negation
SciBERT,C4,],punctuation
SciBERT,C4,Our,stopword
SciBERT,C4,),punctuation
SciBERT,C4,gaps,content/domain
SciBERT,C4,.,punctuation
SciBERT,C4,not,negation
SciBERT,C4,95,number
SciBERT,C4,perfect,content/domain
SciBERT,C3,],punctuation
SciBERT,C4,states,content/domain
SciBERT,C4,202,number
SciBERT,C4,does,stopword
SciBERT,C4,),punctuation
SciBERT,C4,outperform,content/domain
SciBERT,C4,395,number
SciBERT,C4,introduced,content/domain
SciBERT,C4,2012,number
SciBERT,C4,suffered,content/domain
SciBERT,C4,ize,content/domain
SciBERT,C4,capabilities,content/domain
SciBERT,C4,202,number
SciBERT,C4,),punctuation
SciBERT,C4,not,negation
SciBERT,C4,impractical,content/domain
SciBERT,C3,suffers,content/domain
SciBERT,C4,reducing,content/domain
SciBERT,C4,202,number
SciBERT,C4,202,number
SciBERT,C4,),punctuation
SciBERT,C4,does,stopword
SciBERT,C4,growing,content/domain
SciBERT,C4,],punctuation
SciBERT,C4,inadequate,content/domain
SciBERT,C4,.,punctuation
SciBERT,C4,such,stopword
SciBERT,C4,.,punctuation
SciBERT,C4,1993,number
SciBERT,C4,.,punctuation
SciBERT,C4,continues,content/domain
SciBERT,C4,(,punctuation
SciBERT,C4,2,number
SciBERT,C4,202,number
SciBERT,C4,pill,content/domain
SciBERT,C4,learning,content/domain
SciBERT,C4,202,number
SciBERT,C4,competitive,evaluative
SciBERT,C4,.,punctuation
SciBERT,C4,.,punctuation
SciBERT,C4,over,stopword
SciBERT,C4,2003,number
SciBERT,C4,learning,content/domain
SciBERT,C4,),punctuation
SciBERT,C4,fairly,content/domain
SciBERT,C4,",",punctuation
SciBERT,C4,),punctuation
SciBERT,C3,no,negation
SciBERT,C4,.,punctuation
SciBERT,C3,no,negation
SciBERT,C4,(,punctuation
SciBERT,C4,.,punctuation
SciBERT,C4,.,punctuation
SciBERT,C4,16,number
SciBERT,C4,initiated,content/domain
SciBERT,C4,straightforward,content/domain
SciBERT,C4,),punctuation
SciBERT,C4,1990,number
SciBERT,C3,high,content/domain
SciBERT,C4,8,number
SciBERT,C4,consistent,content/domain
SciBERT,C4,demonstrating,content/domain
SciBERT,C4,.,punctuation
SciBERT,C4,learning,content/domain
SciBERT,C3,not,negation
SciBERT,C4,strugg,content/domain
SciBERT,C4,2003,number
SciBERT,C4,without,negation
SciBERT,C4,impractical,content/domain
SciBERT,C4,in,stopword
SciBERT,C4,93,number
SciBERT,C4,effectively,content/domain
SciBERT,C4,loc,content/domain
SciBERT,C4,202,number
SciBERT,C4,Additionally,content/domain
SciBERT,C4,],punctuation
SciBERT,C4,prohib,content/domain
SciBERT,C4,202,number
SciBERT,C4,compromised,content/domain
SciBERT,C4,et,content/domain
SciBERT,C4,latency,content/domain
SciBERT,C4,obs,content/domain
SciBERT,C4,cannot,content/domain
SciBERT,C4,2004,number
RoBERTa,C3,not,negation
RoBERTa,C4,unimaginable,content/domain
RoBERTa,C4,).,punctuation
RoBERTa,C4,[,punctuation
RoBERTa,C4,very,stopword
RoBERTa,C3,1997,number
RoBERTa,C4,)',punctuation
RoBERTa,C4,1996,number
RoBERTa,C4,growing,content/domain
RoBERTa,C4,technology,content/domain
RoBERTa,C4,promising,evaluative
RoBERTa,C4,[,punctuation
RoBERTa,C4,implementations,content/domain
RoBERTa,C4,technology,content/domain
RoBERTa,C4,2021,number
RoBERTa,C4,2021,number
RoBERTa,C4,2002,number
RoBERTa,C4,2000,number
RoBERTa,C4,2003,number
RoBERTa,C3,reasonable,evaluative
RoBERTa,C4,[,punctuation
RoBERTa,C4,algorithms,content/domain
RoBERTa,C4,one,content/domain
RoBERTa,C4,1995,number
RoBERTa,C4,",",punctuation
RoBERTa,C4,],punctuation
RoBERTa,C4,1996,number
RoBERTa,C4,2025,number
RoBERTa,C4,[,punctuation
RoBERTa,C4,(,punctuation
RoBERTa,C4,)',punctuation
RoBERTa,C4,)',punctuation
RoBERTa,C4,The,stopword
RoBERTa,C4,),punctuation
RoBERTa,C4,2022,number
RoBERTa,C4,tested,content/domain
RoBERTa,C4,parse,content/domain
RoBERTa,C4,1996,number
RoBERTa,C4,1997,number
RoBERTa,C4,2003,number
RoBERTa,C4,)',punctuation
RoBERTa,C4,suitable,content/domain
RoBERTa,C4,1992,number
RoBERTa,C4,Ms,content/domain
RoBERTa,C4,unlock,content/domain
RoBERTa,C3,2007,number
RoBERTa,C4,another,content/domain
RoBERTa,C4,2003,number
RoBERTa,C3,2007,number
RoBERTa,C4,learning,content/domain
RoBERTa,C3,unnecessary,evaluative
RoBERTa,C4,The,stopword
RoBERTa,C4,1990,number
RoBERTa,C4,23,number
RoBERTa,C4,[,punctuation
RoBERTa,C4,(,punctuation
RoBERTa,C4,1997,number
RoBERTa,C4,increases,content/domain
RoBERTa,C4,a,stopword
RoBERTa,C4,2019,number
RoBERTa,C4,demonstrates,content/domain
RoBERTa,C4,(,punctuation
RoBERTa,C4,2002,number
RoBERTa,C4,expensive,content/domain
RoBERTa,C4,study,content/domain
RoBERTa,C4,interesting,evaluative
RoBERTa,C4,2003,number
RoBERTa,C4,corpus,content/domain
RoBERTa,C4,similar,content/domain
RoBERTa,C4,20,number
RoBERTa,C4,concerns,content/domain
RoBERTa,C4,paste,content/domain
RoBERTa,C4,[,punctuation
RoBERTa,C4,[,punctuation
RoBERTa,C4,2024,number
RoBERTa,C4,2024,number
RoBERTa,C4,".,",punctuation
RoBERTa,C4,parser,content/domain
RoBERTa,C4,23,number
RoBERTa,C4,best,evaluative
RoBERTa,C4,practical,content/domain
RoBERTa,C4,1990,number
RoBERTa,C4,provide,content/domain
RoBERTa,C4,[,punctuation
RoBERTa,C4,2022,number
RoBERTa,C4,The,stopword
RoBERTa,C4,provided,content/domain
RoBERTa,C3,and,stopword
RoBERTa,C3,accurate,evaluative
RoBERTa,C4,Stanford,content/domain
RoBERTa,C3,facilitates,content/domain
RoBERTa,C4,[,punctuation
RoBERTa,C3,gives,content/domain
RoBERTa,C4,1996,number
RoBERTa,C4,significantly,evaluative
RoBERTa,C4,popular,evaluative
RoBERTa,C4,],punctuation
RoBERTa,C4,word,content/domain
RoBERTa,C4,2003,number
RoBERTa,C4,[,punctuation
RoBERTa,C4,1993,number
RoBERTa,C4,Furthermore,content/domain
RoBERTa,C3,2008,number
RoBERTa,C3,competitive,evaluative
RoBERTa,C4,2025,number
RoBERTa,C4,optimize,content/domain
RoBERTa,C4,[,punctuation
RoBERTa,C4,[,punctuation
RoBERTa,C4,effectively,content/domain
RoBERTa,C4,)',punctuation
RoBERTa,C4,[,punctuation
RoBERTa,C4,1995,number
RoBERTa,C4,Additionally,content/domain
RoBERTa,C4,[,punctuation
RoBERTa,C4,highlights,content/domain
RoBERTa,C4,promotes,content/domain
RoBERTa,C4,introduced,content/domain
RoBERTa,C4,)',punctuation
RoBERTa,C4,1992,number
RoBERTa,C4,[,punctuation
RoBERTa,C4,2003,number
RoBERTa,C4,seminal,content/domain
RoBERTa,C4,)',punctuation
RoBERTa,C4,see,content/domain
RoBERTa,C4,wide,content/domain
RoBERTa,C4,2019,number
RoBERTa,C4,(,punctuation
RoBERTa,C3,equally,content/domain
RoBERTa,C4,ations,content/domain
RoBERTa,C4,1997,number
RoBERTa,C4,used,content/domain
RoBERTa,C4,While,stopword
RoBERTa,C4,[,punctuation
RoBERTa,C4,instance,content/domain
RoBERTa,C4,2019,number
RoBERTa,C4,)',punctuation
RoBERTa,C4,2025,number
RoBERTa,C4,2025,number
RoBERTa,C4,"),",punctuation
RoBERTa,C4,[,punctuation
RoBERTa,C4,2024,number
RoBERTa,C4,2003,number
RoBERTa,C4,2024,number
RoBERTa,C4,classification,content/domain
RoBERTa,C4,noisy,content/domain
RoBERTa,C4,1996,number
RoBERTa,C4,)',punctuation
RoBERTa,C3,2024,number
RoBERTa,C4,versatile,content/domain
RoBERTa,C4,capabilities,content/domain
RoBERTa,C4,2022,number
RoBERTa,C4,[,punctuation
RoBERTa,C4,However,content/domain
RoBERTa,C4,I,stopword
RoBERTa,C4,)',punctuation
RoBERTa,C3,2002,number
RoBERTa,C4,researchers,content/domain
RoBERTa,C4,)',punctuation
RoBERTa,C4,[,punctuation
RoBERTa,C4,",",punctuation
RoBERTa,C4,satisfying,evaluative
RoBERTa,C4,],punctuation
RoBERTa,C4,does,stopword
RoBERTa,C4,),punctuation
RoBERTa,C4,23,number
RoBERTa,C4,good,evaluative
RoBERTa,C4,that,stopword
RoBERTa,C4,2022,number
RoBERTa,C4,demonstrates,content/domain
RoBERTa,C4,2025,number
RoBERTa,C4,2008,number
RoBERTa,C4,[,punctuation
RoBERTa,C4,extension,content/domain
RoBERTa,C4,1997,number
RoBERTa,C4,)',punctuation
RoBERTa,C4,novel,evaluative
RoBERTa,C4,demonstrates,content/domain
RoBERTa,C4,[,punctuation
RoBERTa,C4,most,stopword
RoBERTa,C4,.,punctuation
RoBERTa,C4,1990,number
RoBERTa,C4,The,stopword
RoBERTa,C4,The,stopword
RoBERTa,C4,the,stopword
RoBERTa,C4,reduced,content/domain
RoBERTa,C4,convenient,content/domain
RoBERTa,C4,1993,number
RoBERTa,C3,Wu,content/domain
RoBERTa,C4,23,number
RoBERTa,C4,uniquely,content/domain
RoBERTa,C4,quality,content/domain
RoBERTa,C3,outper,content/domain
RoBERTa,C4,1997,number
RoBERTa,C4,The,stopword
RoBERTa,C4,improving,content/domain
RoBERTa,C4,Furthermore,content/domain
RoBERTa,C4,noted,content/domain
RoBERTa,C4,)',punctuation
RoBERTa,C4,2002,number
RoBERTa,C4,developed,content/domain
RoBERTa,C4,demonstrates,content/domain
RoBERTa,C4,The,stopword
RoBERTa,C4,1993,number
RoBERTa,C4,Each,stopword
RoBERTa,C4,und,content/domain
RoBERTa,C3,23,number
RoBERTa,C4,)',punctuation
RoBERTa,C4,effectively,content/domain
RoBERTa,C4,[,punctuation
RoBERTa,C4,2025,number
RoBERTa,C3,date,content/domain
RoBERTa,C4,)',punctuation
RoBERTa,C4,2006,number
RoBERTa,C4,against,stopword
RoBERTa,C4,],punctuation
RoBERTa,C4,The,stopword
RoBERTa,C4,2007,number
RoBERTa,C3,gold,content/domain
RoBERTa,C4,[,punctuation
RoBERTa,C4,)',punctuation
RoBERTa,C4,growing,content/domain
RoBERTa,C4,2025,number
RoBERTa,C4,)',punctuation
RoBERTa,C4,Compared,content/domain
RoBERTa,C4,Furthermore,content/domain
RoBERTa,C4,[,punctuation
RoBERTa,C4,need,content/domain
RoBERTa,C4,26,number
RoBERTa,C4,averaged,content/domain
RoBERTa,C4,[,punctuation
RoBERTa,C3,known,content/domain
RoBERTa,C4,2006,number
RoBERTa,C4,thoroughly,content/domain
RoBERTa,C4,2019,number
RoBERTa,C4,Furthermore,content/domain
RoBERTa,C4,1996,number
RoBERTa,C4,deep,content/domain
RoBERTa,C4,(,punctuation
RoBERTa,C4,industries,content/domain
RoBERTa,C4,-,punctuation
RoBERTa,C4,2003,number
RoBERTa,C4,improves,content/domain
RoBERTa,C4,[,punctuation
RoBERTa,C3,)),punctuation
RoBERTa,C4,23,number
RoBERTa,C4,2004,number
RoBERTa,C4,)',punctuation
RoBERTa,C3,1995,number
RoBERTa,C3,not,negation
RoBERTa,C4,)',punctuation
RoBERTa,C4,The,stopword
RoBERTa,C4,atively,content/domain
RoBERTa,C3,well,content/domain
RoBERTa,C4,)',punctuation
RoBERTa,C4,emerging,content/domain
RoBERTa,C4,2003,number
RoBERTa,C4,The,stopword
RoBERTa,C4,1993,number
RoBERTa,C4,58,number
RoBERTa,C4,].,punctuation
RoBERTa,C4,[,punctuation
RoBERTa,C4,ensitive,content/domain
RoBERTa,C4,guaranteed,content/domain
RoBERTa,C4,2024,number
RoBERTa,C4,2025,number
RoBERTa,C4,1992,number
RoBERTa,C4,effectively,content/domain
RoBERTa,C4,[,punctuation
RoBERTa,C3,lacks,content/domain
RoBERTa,C4,1995,number
RoBERTa,C4,The,stopword
RoBERTa,C4,2024,number
RoBERTa,C4,2025,number
RoBERTa,C4,useful,evaluative
RoBERTa,C4,we,stopword
RoBERTa,C4,Furthermore,content/domain
RoBERTa,C4,2002,number
RoBERTa,C3,outper,content/domain
RoBERTa,C4,or,stopword
RoBERTa,C4,),punctuation
RoBERTa,C4,)',punctuation
RoBERTa,C4,effectiveness,content/domain
RoBERTa,C4,substantial,content/domain
RoBERTa,C4,demonstrates,content/domain
RoBERTa,C3,was,stopword
RoBERTa,C4,The,stopword
RoBERTa,C4,can,stopword
RoBERTa,C4,[,punctuation
RoBERTa,C4,Furthermore,content/domain
RoBERTa,C3,robust,evaluative
RoBERTa,C3,demonstrated,content/domain
RoBERTa,C4,2024,number
RoBERTa,C4,[,punctuation
RoBERTa,C4,[,punctuation
RoBERTa,C4,.,punctuation
RoBERTa,C4,parser,content/domain
RoBERTa,C4,[,punctuation
RoBERTa,C4,and,stopword
RoBERTa,C4,)',punctuation
RoBERTa,C4,infinite,content/domain
RoBERTa,C4,[,punctuation
RoBERTa,C4,The,stopword
RoBERTa,C4,2003,number
RoBERTa,C4,[,punctuation
RoBERTa,C4,same,stopword
RoBERTa,C4,2003,number
RoBERTa,C4,),punctuation
RoBERTa,C4,[,punctuation
RoBERTa,C4,and,stopword
RoBERTa,C4,2006,number
RoBERTa,C3,modeled,content/domain
RoBERTa,C4,expensive,content/domain
RoBERTa,C4,unimaginable,content/domain
RoBERTa,C4,2021,number
RoBERTa,C4,If,stopword
RoBERTa,C4,[,punctuation
RoBERTa,C4,1990,number
RoBERTa,C4,system,content/domain
RoBERTa,C4,2024,number
RoBERTa,C4,2024,number
RoBERTa,C4,2016,number
RoBERTa,C4,[,punctuation
RoBERTa,C4,)',punctuation
RoBERTa,C4,The,stopword
RoBERTa,C4,[,punctuation
RoBERTa,C4,2019,number
RoBERTa,C4,2022,number
RoBERTa,C4,[,punctuation
RoBERTa,C4,surpassed,content/domain
RoBERTa,C4,fails,content/domain
RoBERTa,C4,expensive,content/domain
RoBERTa,C4,[,punctuation
RoBERTa,C4,feature,content/domain
RoBERTa,C4,deep,content/domain
RoBERTa,C4,need,content/domain
RoBERTa,C4,as,stopword
RoBERTa,C4,The,stopword
RoBERTa,C4,],punctuation
RoBERTa,C4,learning,content/domain
RoBERTa,C4,),punctuation
RoBERTa,C4,(,punctuation
RoBERTa,C4,2006,number
RoBERTa,C4,2021,number
RoBERTa,C4,2003,number
RoBERTa,C4,[,punctuation
RoBERTa,C4,[,punctuation
RoBERTa,C4,manipulation,content/domain
RoBERTa,C4,2020,number
RoBERTa,C4,[,punctuation
RoBERTa,C4,demonstrates,content/domain
RoBERTa,C4,Here,stopword
RoBERTa,C4,23,number
RoBERTa,C4,[,punctuation
RoBERTa,C4,20,number
RoBERTa,C4,),punctuation
RoBERTa,C4,suitable,content/domain
RoBERTa,C4,implementations,content/domain
RoBERTa,C3,2025,number
RoBERTa,C4,best,evaluative
RoBERTa,C4,[,punctuation
RoBERTa,C4,One,content/domain
RoBERTa,C4,useful,evaluative
RoBERTa,C4,purposes,content/domain
RoBERTa,C4,2025,number
RoBERTa,C4,[,punctuation
RoBERTa,C4,known,content/domain
RoBERTa,C4,substantial,content/domain
RoBERTa,C4,1996,number
RoBERTa,C4,emphasized,content/domain
RoBERTa,C4,1997,number
RoBERTa,C4,[,punctuation
RoBERTa,C4,[,punctuation
RoBERTa,C4,2005,number
RoBERTa,C4,guaranteed,content/domain
RoBERTa,C4,Taylor,content/domain
RoBERTa,C4,[,punctuation
RoBERTa,C4,actively,content/domain
RoBERTa,C3,methodology,content/domain
RoBERTa,C4,manipulation,content/domain
RoBERTa,C4,known,content/domain
RoBERTa,C3,",",punctuation
RoBERTa,C4,emerging,content/domain
RoBERTa,C4,),punctuation
RoBERTa,C4,1993,number
RoBERTa,C4,2004,number
RoBERTa,C4,2019,number
RoBERTa,C4,)',punctuation
RoBERTa,C4,The,stopword
RoBERTa,C3,popular,evaluative
RoBERTa,C4,which,content/domain
RoBERTa,C4,1993,number
RoBERTa,C4,2019,number
RoBERTa,C4,],punctuation
RoBERTa,C4,challenges,content/domain
RoBERTa,C4,2005,number
RoBERTa,C4,.,punctuation
RoBERTa,C4,concern,content/domain
RoBERTa,C4,new,content/domain
RoBERTa,C4,learning,content/domain
RoBERTa,C4,coefficient,content/domain
RoBERTa,C4,well,content/domain
RoBERTa,C4,acceptable,content/domain
RoBERTa,C4,advancements,content/domain
RoBERTa,C4,1997,number
RoBERTa,C4,2003,number
RoBERTa,C4,2024,number
RoBERTa,C3,easy,content/domain
RoBERTa,C4,)',punctuation
RoBERTa,C4,used,content/domain
RoBERTa,C4,learning,content/domain
RoBERTa,C3,ably,content/domain
RoBERTa,C4,1996,number
RoBERTa,C4,making,content/domain
RoBERTa,C4,),punctuation
RoBERTa,C3,not,negation
RoBERTa,C4,new,content/domain
RoBERTa,C4,)',punctuation
RoBERTa,C4,2004,number
RoBERTa,C4,2019,number
RoBERTa,C4,Furthermore,content/domain
RoBERTa,C4,1990,number
RoBERTa,C4,2024,number
RoBERTa,C3,stronger,content/domain
RoBERTa,C4,2025,number
RoBERTa,C4,remarkable,content/domain
RoBERTa,C4,Furthermore,content/domain
RoBERTa,C4,is,stopword
RoBERTa,C4,23,number
RoBERTa,C4,2003,number
RoBERTa,C4,algorithms,content/domain
RoBERTa,C4,2024,number
RoBERTa,C3,),punctuation
RoBERTa,C3,2007,number
RoBERTa,C4,the,stopword
RoBERTa,C4,polymer,content/domain
RoBERTa,C4,acceptable,content/domain
RoBERTa,C4,2025,number
RoBERTa,C4,2003,number
RoBERTa,C4,].,punctuation
RoBERTa,C4,unimaginable,content/domain
RoBERTa,C4,(,punctuation
RoBERTa,C4,highly,content/domain
RoBERTa,C4,2008,number
RoBERTa,C4,developed,content/domain
RoBERTa,C4,2025,number
RoBERTa,C4,2022,number
RoBERTa,C4,applicable,content/domain
RoBERTa,C4,[,punctuation
RoBERTa,C4,2002,number
RoBERTa,C4,revolution,content/domain
RoBERTa,C4,to,stopword
RoBERTa,C4,we,stopword
RoBERTa,C4,[,punctuation
RoBERTa,C4,[,punctuation
RoBERTa,C4,assumed,content/domain
RoBERTa,C3,highlighted,content/domain
RoBERTa,C4,The,stopword
RoBERTa,C4,2022,number
RoBERTa,C4,)',punctuation
RoBERTa,C4,2021,number
RoBERTa,C3,significantly,evaluative
RoBERTa,C4,manipulation,content/domain
RoBERTa,C4,)',punctuation
RoBERTa,C4,2012,number
RoBERTa,C4,)',punctuation
RoBERTa,C4,enhancing,content/domain
RoBERTa,C4,learning,content/domain
RoBERTa,C4,)',punctuation
RoBERTa,C4,2022,number
RoBERTa,C4,[,punctuation
RoBERTa,C4,[,punctuation
RoBERTa,C3,1997,number
RoBERTa,C4,[,punctuation
RoBERTa,C4,sophisticated,content/domain
RoBERTa,C4,high,content/domain
RoBERTa,C4,2014,number
RoBERTa,C4,The,stopword
RoBERTa,C4,.,punctuation
RoBERTa,C4,[,punctuation
RoBERTa,C4,20,number
RoBERTa,C4,The,stopword
RoBERTa,C4,1993,number
RoBERTa,C4,deep,content/domain
RoBERTa,C4,1993,number
RoBERTa,C4,manipulation,content/domain
RoBERTa,C4,].,punctuation
RoBERTa,C4,exemplary,content/domain
RoBERTa,C4,1996,number
RoBERTa,C4,)',punctuation
RoBERTa,C4,Additionally,content/domain
RoBERTa,C4,.,punctuation
RoBERTa,C4,developed,content/domain
RoBERTa,C4,competitive,evaluative
RoBERTa,C4,Additionally,content/domain
RoBERTa,C4,deep,content/domain
RoBERTa,C4,2020,number
RoBERTa,C4,2003,number
RoBERTa,C4,[,punctuation
RoBERTa,C4,2003,number
RoBERTa,C4,fairly,content/domain
RoBERTa,C4,The,stopword
RoBERTa,C4,falls,content/domain
RoBERTa,C3,"),",punctuation
RoBERTa,C4,demonstrated,content/domain
RoBERTa,C4,2024,number
RoBERTa,C4,does,stopword
RoBERTa,C4,.,punctuation
RoBERTa,C4,2002,number
RoBERTa,C4,[,punctuation
RoBERTa,C4,new,content/domain
RoBERTa,C4,1996,number
RoBERTa,C4,2024,number
RoBERTa,C4,1990,number
RoBERTa,C3,quality,content/domain
RoBERTa,C4,with,stopword
RoBERTa,C4,which,content/domain
RoBERTa,C4,.,punctuation
RoBERTa,C4,2003,number
RoBERTa,C4,will,stopword
RoBERTa,C3,2007,number
RoBERTa,C4,capabilities,content/domain
RoBERTa,C4,quality,content/domain
RoBERTa,C4,[,punctuation
RoBERTa,C4,[,punctuation
RoBERTa,C4,compare,content/domain
RoBERTa,C4,The,stopword
RoBERTa,C4,Despite,content/domain
RoBERTa,C4,2006,number
RoBERTa,C4,)',punctuation
RoBERTa,C4,Additionally,content/domain
RoBERTa,C4,[,punctuation
RoBERTa,C4,2025,number
RoBERTa,C4,solves,content/domain
RoBERTa,C4,2019,number
RoBERTa,C4,1993,number
RoBERTa,C4,)',punctuation
RoBERTa,C4,"),",punctuation
RoBERTa,C4,cannot,content/domain
RoBERTa,C4,traces,content/domain
DeepSeek,C4,not,negation
DeepSeek,C4,[,punctuation
DeepSeek,C4,1,number
DeepSeek,C4,demonstrated,content/domain
DeepSeek,C4,annot,content/domain
DeepSeek,C4,it,stopword
DeepSeek,C4,suffered,content/domain
DeepSeek,C4,the,stopword
DeepSeek,C4,[,punctuation
DeepSeek,C4,[,punctuation
DeepSeek,C4,promising,evaluative
DeepSeek,C4,unnecessary,evaluative
DeepSeek,C4,[,punctuation
DeepSeek,C4,[,punctuation
DeepSeek,C4,discussed,content/domain
DeepSeek,C4,provided,content/domain
DeepSeek,C4,Table,content/domain
DeepSeek,C3,cover,content/domain
DeepSeek,C4,2,number
DeepSeek,C4,since,content/domain
DeepSeek,C4,[,punctuation
DeepSeek,C4,[,punctuation
DeepSeek,C4,Brown,content/domain
DeepSeek,C4,strong,evaluative
DeepSeek,C4,1,number
DeepSeek,C4,[,punctuation
DeepSeek,C4,nap,content/domain
DeepSeek,C4,(,punctuation
DeepSeek,C4,[,punctuation
DeepSeek,C4,but,stopword
DeepSeek,C4,)',punctuation
DeepSeek,C4,needs,content/domain
DeepSeek,C4,not,negation
DeepSeek,C4,sentences,content/domain
DeepSeek,C4,states,content/domain
DeepSeek,C4,Most,stopword
DeepSeek,C4,in,stopword
DeepSeek,C4,),punctuation
DeepSeek,C4,(,punctuation
DeepSeek,C4,excessive,content/domain
DeepSeek,C4,has,stopword
DeepSeek,C4,),punctuation
DeepSeek,C4,In,stopword
DeepSeek,C4,Deep,content/domain
DeepSeek,C4,not,negation
DeepSeek,C4,[,punctuation
DeepSeek,C4,the,stopword
DeepSeek,C3,than,stopword
DeepSeek,C4,learning,content/domain
DeepSeek,C3,false,content/domain
DeepSeek,C4,overlooks,content/domain
DeepSeek,C4,/,punctuation
DeepSeek,C4,(,punctuation
DeepSeek,C4,[,punctuation
DeepSeek,C4,Our,stopword
DeepSeek,C4,achieve,content/domain
DeepSeek,C4,figure,content/domain
DeepSeek,C4,",",punctuation
DeepSeek,C4,not,negation
DeepSeek,C4,exceptional,evaluative
DeepSeek,C4,inkel,content/domain
DeepSeek,C4,the,stopword
DeepSeek,C4,learning,content/domain
DeepSeek,C4,(,punctuation
DeepSeek,C3,Moreover,content/domain
DeepSeek,C4,(,punctuation
DeepSeek,C4,",",punctuation
DeepSeek,C4,in,stopword
DeepSeek,C4,not,negation
DeepSeek,C4,[,punctuation
DeepSeek,C4,Close,content/domain
DeepSeek,C4,not,negation
DeepSeek,C4,[,punctuation
DeepSeek,C4,overly,content/domain
DeepSeek,C4,(,punctuation
DeepSeek,C4,),punctuation
DeepSeek,C4,to,stopword
DeepSeek,C4,over,stopword
DeepSeek,C4,n,content/domain
DeepSeek,C4,[,punctuation
DeepSeek,C3,(,punctuation
DeepSeek,C4,provide,content/domain
DeepSeek,C4,[,punctuation
DeepSeek,C4,work,content/domain
DeepSeek,C4,overlooks,content/domain
DeepSeek,C4,provided,content/domain
DeepSeek,C3,Zhu,content/domain
DeepSeek,C3,showed,content/domain
DeepSeek,C4,using,content/domain
DeepSeek,C4,facilitates,content/domain
DeepSeek,C4,[,punctuation
DeepSeek,C3,Brown,content/domain
DeepSeek,C4,9,number
DeepSeek,C4,3,number
DeepSeek,C4,(,punctuation
DeepSeek,C4,achieving,content/domain
DeepSeek,C4,only,stopword
DeepSeek,C4,similarly,content/domain
DeepSeek,C4,[,punctuation
DeepSeek,C4,[,punctuation
DeepSeek,C4,significant,evaluative
DeepSeek,C4,In,stopword
DeepSeek,C3,competitive,evaluative
DeepSeek,C4,achieved,content/domain
DeepSeek,C4,Berg,content/domain
DeepSeek,C4,[,punctuation
DeepSeek,C4,[,punctuation
DeepSeek,C4,[,punctuation
DeepSeek,C4,)',punctuation
DeepSeek,C4,unnecessary,evaluative
DeepSeek,C4,al,content/domain
DeepSeek,C4,concerns,content/domain
DeepSeek,C4,[,punctuation
DeepSeek,C4,),punctuation
DeepSeek,C4,[,punctuation
DeepSeek,C4,innovative,content/domain
DeepSeek,C4,reduced,content/domain
DeepSeek,C4,we,stopword
DeepSeek,C4,[,punctuation
DeepSeek,C4,.,punctuation
DeepSeek,C4,seminal,content/domain
DeepSeek,C4,suffered,content/domain
DeepSeek,C4,while,stopword
DeepSeek,C4,(,punctuation
DeepSeek,C4,was,stopword
DeepSeek,C4,utilize,content/domain
DeepSeek,C4,(,punctuation
DeepSeek,C4,(,punctuation
DeepSeek,C4,),punctuation
DeepSeek,C3,but,stopword
DeepSeek,C4,While,stopword
DeepSeek,C4,[,punctuation
DeepSeek,C4,IT,stopword
DeepSeek,C4,suffers,content/domain
DeepSeek,C4,)',punctuation
DeepSeek,C4,),punctuation
DeepSeek,C4,excessive,content/domain
DeepSeek,C4,1,number
DeepSeek,C4,compelling,content/domain
DeepSeek,C4,Chen,content/domain
DeepSeek,C4,"),",punctuation
DeepSeek,C4,(,punctuation
DeepSeek,C4,(,punctuation
DeepSeek,C4,as,stopword
DeepSeek,C4,(,punctuation
DeepSeek,C4,errone,content/domain
DeepSeek,C4,overhead,content/domain
DeepSeek,C4,[,punctuation
DeepSeek,C4,learning,content/domain
DeepSeek,C4,reliance,content/domain
DeepSeek,C4,[,punctuation
DeepSeek,C4,However,content/domain
DeepSeek,C4,and,stopword
DeepSeek,C4,achieves,content/domain
DeepSeek,C3,On,stopword
DeepSeek,C4,[,punctuation
DeepSeek,C4,ineffective,evaluative
DeepSeek,C4,exceptional,evaluative
DeepSeek,C4,4,number
DeepSeek,C4,(,punctuation
DeepSeek,C4,[,punctuation
DeepSeek,C4,not,negation
DeepSeek,C3,achieved,content/domain
DeepSeek,C4,ignores,content/domain
DeepSeek,C3,good,evaluative
DeepSeek,C4,However,content/domain
DeepSeek,C4,ignore,content/domain
DeepSeek,C4,[,punctuation
DeepSeek,C4,(,punctuation
DeepSeek,C4,success,content/domain
DeepSeek,C4,[,punctuation
DeepSeek,C4,recent,content/domain
DeepSeek,C4,3,number
DeepSeek,C4,reduced,content/domain
DeepSeek,C4,The,stopword
DeepSeek,C4,exceptional,evaluative
DeepSeek,C4,While,stopword
DeepSeek,C4,",",punctuation
DeepSeek,C4,[,punctuation
DeepSeek,C4,IC,content/domain
DeepSeek,C4,demonstrated,content/domain
DeepSeek,C4,demonstrated,content/domain
DeepSeek,C4,at,stopword
DeepSeek,C4,reduced,content/domain
DeepSeek,C4,that,stopword
DeepSeek,C4,"),",punctuation
DeepSeek,C3,[,punctuation
DeepSeek,C4,deb,content/domain
DeepSeek,C4,(,punctuation
DeepSeek,C4,(,punctuation
DeepSeek,C4,9,number
DeepSeek,C4,features,content/domain
DeepSeek,C4,overlooks,content/domain
DeepSeek,C4,(,punctuation
DeepSeek,C4,.,punctuation
DeepSeek,C4,As,stopword
DeepSeek,C4,)',punctuation
DeepSeek,C4,",",punctuation
DeepSeek,C4,developed,content/domain
DeepSeek,C4,three,content/domain
DeepSeek,C4,overlooks,content/domain
DeepSeek,C4,such,stopword
DeepSeek,C4,"),",punctuation
DeepSeek,C4,Schmidt,content/domain
DeepSeek,C4,)',punctuation
DeepSeek,C4,[,punctuation
DeepSeek,C4,inefficient,evaluative
DeepSeek,C4,introduced,content/domain
DeepSeek,C4,Miller,content/domain
DeepSeek,C4,excessive,content/domain
DeepSeek,C4,(,punctuation
DeepSeek,C3,in,stopword
DeepSeek,C4,exceptional,evaluative
DeepSeek,C4,states,content/domain
DeepSeek,C4,extraction,content/domain
DeepSeek,C3,[,punctuation
DeepSeek,C4,inadequate,content/domain
DeepSeek,C4,suffered,content/domain
DeepSeek,C4,[,punctuation
DeepSeek,C4,(,punctuation
DeepSeek,C4,suffered,content/domain
DeepSeek,C3,However,content/domain
DeepSeek,C4,[,punctuation
DeepSeek,C4,not,negation
DeepSeek,C4,[,punctuation
DeepSeek,C4,presented,content/domain
DeepSeek,C4,Our,stopword
DeepSeek,C4,[,punctuation
DeepSeek,C4,Section,content/domain
DeepSeek,C4,(,punctuation
DeepSeek,C4,[,punctuation
DeepSeek,C4,not,negation
DeepSeek,C4,[,punctuation
DeepSeek,C4,.,punctuation
DeepSeek,C4,excessive,content/domain
DeepSeek,C4,",",punctuation
DeepSeek,C4,[,punctuation
DeepSeek,C4,using,content/domain
DeepSeek,C4,tags,content/domain
DeepSeek,C4,[,punctuation
DeepSeek,C3,completely,content/domain
DeepSeek,C4,by,stopword
DeepSeek,C4,)',punctuation
DeepSeek,C3,adopt,content/domain
DeepSeek,C3,not,negation
DeepSeek,C4,unfair,content/domain
DeepSeek,C4,not,negation
DeepSeek,C4,some,stopword
DeepSeek,C4,proposed,content/domain
DeepSeek,C4,unrealistic,content/domain
DeepSeek,C4,[,punctuation
DeepSeek,C4,et,content/domain
DeepSeek,C4,7,number
DeepSeek,C4,al,content/domain
DeepSeek,C4,[,punctuation
DeepSeek,C4,Deep,content/domain
DeepSeek,C4,not,negation
DeepSeek,C4,insensitive,content/domain
DeepSeek,C4,guaranteed,content/domain
DeepSeek,C4,suffered,content/domain
DeepSeek,C4,excessive,content/domain
DeepSeek,C4,To,stopword
DeepSeek,C4,[,punctuation
DeepSeek,C4,[,punctuation
DeepSeek,C3,lacks,content/domain
DeepSeek,C4,),punctuation
DeepSeek,C4,not,negation
DeepSeek,C4,)',punctuation
DeepSeek,C4,provided,content/domain
DeepSeek,C3,dubious,content/domain
DeepSeek,C4,bin,content/domain
DeepSeek,C4,Deep,content/domain
DeepSeek,C4,(,punctuation
DeepSeek,C4,outperform,content/domain
DeepSeek,C4,is,stopword
DeepSeek,C4,4,number
DeepSeek,C4,)',punctuation
DeepSeek,C3,effectiveness,content/domain
DeepSeek,C4,approximations,content/domain
DeepSeek,C4,exceptional,evaluative
DeepSeek,C4,[,punctuation
DeepSeek,C4,overlooks,content/domain
DeepSeek,C4,it,stopword
DeepSeek,C4,not,negation
DeepSeek,C4,learning,content/domain
DeepSeek,C3,By,stopword
DeepSeek,C3,demonstrated,content/domain
DeepSeek,C4,)',punctuation
DeepSeek,C4,[,punctuation
DeepSeek,C4,[,punctuation
DeepSeek,C4,2,number
DeepSeek,C4,ron,content/domain
DeepSeek,C4,[,punctuation
DeepSeek,C4,)',punctuation
DeepSeek,C4,enhances,content/domain
DeepSeek,C4,Li,content/domain
DeepSeek,C4,[,punctuation
DeepSeek,C4,not,negation
DeepSeek,C4,.,punctuation
DeepSeek,C4,not,negation
DeepSeek,C4,et,content/domain
DeepSeek,C4,),punctuation
DeepSeek,C4,",",punctuation
DeepSeek,C4,not,negation
DeepSeek,C4,using,content/domain
DeepSeek,C4,"),",punctuation
DeepSeek,C4,mapping,content/domain
DeepSeek,C4,learning,content/domain
DeepSeek,C4,[,punctuation
DeepSeek,C4,not,negation
DeepSeek,C4,(,punctuation
DeepSeek,C4,[,punctuation
DeepSeek,C4,1,number
DeepSeek,C4,Pap,content/domain
DeepSeek,C4,)',punctuation
DeepSeek,C4,unstable,content/domain
DeepSeek,C4,The,stopword
DeepSeek,C4,inconsistencies,content/domain
DeepSeek,C4,maintains,content/domain
DeepSeek,C4,demonstrated,content/domain
DeepSeek,C4,impractical,content/domain
DeepSeek,C4,not,negation
DeepSeek,C4,mistakes,content/domain
DeepSeek,C4,[,punctuation
DeepSeek,C4,than,stopword
DeepSeek,C4,fails,content/domain
DeepSeek,C4,learning,content/domain
DeepSeek,C4,[,punctuation
DeepSeek,C4,for,stopword
DeepSeek,C4,[,punctuation
DeepSeek,C4,[,punctuation
DeepSeek,C3,[,punctuation
DeepSeek,C4,not,negation
DeepSeek,C4,[,punctuation
DeepSeek,C4,learning,content/domain
DeepSeek,C4,1,number
DeepSeek,C4,allows,content/domain
DeepSeek,C4,semi,content/domain
DeepSeek,C4,highlighted,content/domain
DeepSeek,C4,pairs,content/domain
DeepSeek,C4,not,negation
DeepSeek,C4,not,negation
DeepSeek,C4,[,punctuation
DeepSeek,C4,Adams,content/domain
DeepSeek,C4,",",punctuation
DeepSeek,C4,exceptional,evaluative
DeepSeek,C4,Statistical,content/domain
DeepSeek,C4,not,negation
DeepSeek,C4,not,negation
DeepSeek,C4,(,punctuation
DeepSeek,C4,(,punctuation
DeepSeek,C4,One,content/domain
DeepSeek,C4,Deep,content/domain
DeepSeek,C4,)',punctuation
DeepSeek,C4,Brown,content/domain
DeepSeek,C4,fail,content/domain
DeepSeek,C3,which,content/domain
DeepSeek,C4,useful,evaluative
DeepSeek,C4,(,punctuation
DeepSeek,C4,)',punctuation
DeepSeek,C4,[,punctuation
DeepSeek,C3,using,content/domain
DeepSeek,C4,substantial,content/domain
DeepSeek,C4,1,number
DeepSeek,C4,paper,content/domain
DeepSeek,C4,(,punctuation
DeepSeek,C4,[,punctuation
DeepSeek,C4,[,punctuation
DeepSeek,C4,),punctuation
DeepSeek,C4,)',punctuation
DeepSeek,C4,elegantly,content/domain
DeepSeek,C4,[,punctuation
DeepSeek,C4,by,stopword
DeepSeek,C3,[,punctuation
DeepSeek,C4,learning,content/domain
DeepSeek,C4,set,content/domain
DeepSeek,C4,1,number
DeepSeek,C4,AI,content/domain
DeepSeek,C4,cores,content/domain
DeepSeek,C4,al,content/domain
DeepSeek,C4,FG,content/domain
DeepSeek,C4,does,stopword
DeepSeek,C4,)',punctuation
DeepSeek,C4,overlooks,content/domain
DeepSeek,C3,applications,content/domain
DeepSeek,C4,ss,content/domain
DeepSeek,C4,(,punctuation
DeepSeek,C4,not,negation
DeepSeek,C4,not,negation
DeepSeek,C4,[,punctuation
DeepSeek,C4,F,content/domain
DeepSeek,C4,[,punctuation
DeepSeek,C4,[,punctuation
DeepSeek,C4,3,number
DeepSeek,C4,learning,content/domain
DeepSeek,C3,well,content/domain
DeepSeek,C3,but,stopword
DeepSeek,C4,learning,content/domain
DeepSeek,C4,Collins,content/domain
DeepSeek,C3,Error,content/domain
DeepSeek,C4,provided,content/domain
DeepSeek,C3,.,punctuation
DeepSeek,C4,enabled,content/domain
DeepSeek,C4,Pap,content/domain
DeepSeek,C4,learning,content/domain
DeepSeek,C4,",",punctuation
DeepSeek,C4,al,content/domain
DeepSeek,C4,[,punctuation
DeepSeek,C4,",",punctuation
DeepSeek,C3,not,negation
DeepSeek,C4,3,number
DeepSeek,C4,)',punctuation
DeepSeek,C4,Ro,content/domain
DeepSeek,C4,but,stopword
DeepSeek,C4,[,punctuation
DeepSeek,C4,"),",punctuation
DeepSeek,C4,not,negation
DeepSeek,C4,[,punctuation
DeepSeek,C4,instability,content/domain
DeepSeek,C4,remarkable,content/domain
DeepSeek,C4,[,punctuation
DeepSeek,C4,(,punctuation
DeepSeek,C4,high,content/domain
DeepSeek,C4,(,punctuation
DeepSeek,C4,learning,content/domain
DeepSeek,C4,)',punctuation
DeepSeek,C3,their,stopword
DeepSeek,C4,data,content/domain
DeepSeek,C4,proposed,content/domain
DeepSeek,C4,[,punctuation
DeepSeek,C4,agreement,content/domain
DeepSeek,C4,)',punctuation
DeepSeek,C4,translation,content/domain
DeepSeek,C4,learning,content/domain
DeepSeek,C4,learning,content/domain
DeepSeek,C4,Brown,content/domain
DeepSeek,C4,are,stopword
DeepSeek,C4,of,stopword
DeepSeek,C4,innovative,content/domain
DeepSeek,C4,)',punctuation
DeepSeek,C4,provide,content/domain
DeepSeek,C4,this,stopword
DeepSeek,C4,presents,content/domain
DeepSeek,C4,et,content/domain
DeepSeek,C4,",",punctuation
DeepSeek,C3,(,punctuation
DeepSeek,C4,we,stopword
DeepSeek,C4,[,punctuation
DeepSeek,C4,inefficient,evaluative
DeepSeek,C4,bank,content/domain
DeepSeek,C3,[,punctuation
DeepSeek,C4,states,content/domain
DeepSeek,C4,King,content/domain
DeepSeek,C4,not,negation
DeepSeek,C4,proposed,content/domain
DeepSeek,C3,outperform,content/domain
DeepSeek,C4,[,punctuation
DeepSeek,C4,White,content/domain
DeepSeek,C4,While,stopword
DeepSeek,C4,suffered,content/domain
DeepSeek,C4,learning,content/domain
DeepSeek,C4,learning,content/domain
DeepSeek,C4,innovative,content/domain
DeepSeek,C4,expertly,content/domain
DeepSeek,C4,[,punctuation
DeepSeek,C4,[,punctuation
DeepSeek,C4,suffers,content/domain
DeepSeek,C4,[,punctuation
DeepSeek,C4,(,punctuation
DeepSeek,C4,)',punctuation
DeepSeek,C4,The,stopword
DeepSeek,C4,not,negation
DeepSeek,C4,[,punctuation
DeepSeek,C4,overlooks,content/domain
DeepSeek,C4,inadequate,content/domain
DeepSeek,C4,not,negation
DeepSeek,C4,banks,content/domain
DeepSeek,C4,Despite,content/domain
DeepSeek,C4,1,number
DeepSeek,C4,learning,content/domain
DeepSeek,C4,Deep,content/domain
DeepSeek,C4,exemplary,content/domain
DeepSeek,C4,5,number
DeepSeek,C4,)',punctuation
DeepSeek,C4,[,punctuation
DeepSeek,C4,Deep,content/domain
DeepSeek,C4,developed,content/domain
DeepSeek,C3,achieves,content/domain
DeepSeek,C4,Deep,content/domain
DeepSeek,C4,[,punctuation
DeepSeek,C4,overs,content/domain
DeepSeek,C4,no,negation
DeepSeek,C4,[,punctuation
DeepSeek,C4,",",punctuation
DeepSeek,C4,et,content/domain
DeepSeek,C4,failed,content/domain
DeepSeek,C4,(,punctuation
DeepSeek,C4,exemplified,content/domain
DeepSeek,C4,seminal,content/domain
DeepSeek,C4,no,negation
DeepSeek,C4,not,negation
DeepSeek,C4,[,punctuation
DeepSeek,C4,an,stopword
DeepSeek,C4,[,punctuation
DeepSeek,C4,initiated,content/domain
DeepSeek,C4,phases,content/domain
DeepSeek,C4,achieved,content/domain
DeepSeek,C4,(,punctuation
DeepSeek,C4,8,number
DeepSeek,C4,limit,content/domain
DeepSeek,C4,[,punctuation
DeepSeek,C4,The,stopword
DeepSeek,C4,learning,content/domain
DeepSeek,C3,not,negation
DeepSeek,C4,learning,content/domain
DeepSeek,C4,After,stopword
DeepSeek,C4,[,punctuation
DeepSeek,C4,[,punctuation
DeepSeek,C3,between,stopword
DeepSeek,C4,[,punctuation
DeepSeek,C4,learning,content/domain
DeepSeek,C4,.,punctuation
DeepSeek,C4,)',punctuation
DeepSeek,C4,[,punctuation
DeepSeek,C4,unnecessary,evaluative
DeepSeek,C4,(,punctuation
DeepSeek,C4,solves,content/domain
DeepSeek,C4,compromised,content/domain
DeepSeek,C4,Marc,content/domain
DeepSeek,C4,(,punctuation
DeepSeek,C4,obsolete,content/domain
DeepSeek,C3,cannot,content/domain
DeepSeek,C4,".,",punctuation
LLaMA3,C4,satisfactory,content/domain
LLaMA3,C4,learning,content/domain
LLaMA3,C4,.,punctuation
LLaMA3,C4,outstanding,content/domain
LLaMA3,C4,straightforward,content/domain
LLaMA3,C4,attractive,evaluative
LLaMA3,C4,)',punctuation
LLaMA3,C4,trained,content/domain
LLaMA3,C4,.,punctuation
LLaMA3,C4,seeking,content/domain
LLaMA3,C4,promising,evaluative
LLaMA3,C4,unnecessary,evaluative
LLaMA3,C4,learning,content/domain
LLaMA3,C4,researchers,content/domain
LLaMA3,C4,202,number
LLaMA3,C4,202,number
LLaMA3,C4,).,punctuation
LLaMA3,C3,important,evaluative
LLaMA3,C4,and,stopword
LLaMA3,C4,",",punctuation
LLaMA3,C4,introduces,content/domain
LLaMA3,C4,",",punctuation
LLaMA3,C4,.,punctuation
LLaMA3,C4,strong,evaluative
LLaMA3,C4,"),",punctuation
LLaMA3,C4,ineffective,evaluative
LLaMA3,C4,(,punctuation
LLaMA3,C4,)',punctuation
LLaMA3,C4,inefficient,evaluative
LLaMA3,C4,ins,content/domain
LLaMA3,C4,)',punctuation
LLaMA3,C4,needs,content/domain
LLaMA3,C4,states,content/domain
LLaMA3,C4,The,stopword
LLaMA3,C4,states,content/domain
LLaMA3,C4,ky,content/domain
LLaMA3,C4,.,punctuation
LLaMA3,C4,(,punctuation
LLaMA3,C4,",",punctuation
LLaMA3,C4,.,punctuation
LLaMA3,C4,)',punctuation
LLaMA3,C3,The,stopword
LLaMA3,C4,on,stopword
LLaMA3,C4,performance,content/domain
LLaMA3,C4,learning,content/domain
LLaMA3,C4,significant,evaluative
LLaMA3,C4,The,stopword
LLaMA3,C4,.,punctuation
LLaMA3,C3,the,stopword
LLaMA3,C4,While,stopword
LLaMA3,C3,),punctuation
LLaMA3,C4,limitations,evaluative
LLaMA3,C4,l,content/domain
LLaMA3,C4,errone,content/domain
LLaMA3,C4,unreliable,content/domain
LLaMA3,C4,is,stopword
LLaMA3,C4,To,stopword
LLaMA3,C4,F,content/domain
LLaMA3,C4,simple,content/domain
LLaMA3,C4,not,negation
LLaMA3,C4,demonstrates,content/domain
LLaMA3,C4,about,stopword
LLaMA3,C4,on,stopword
LLaMA3,C4,learning,content/domain
LLaMA3,C4,the,stopword
LLaMA3,C3,interesting,evaluative
LLaMA3,C4,.,punctuation
LLaMA3,C4,training,content/domain
LLaMA3,C4,The,stopword
LLaMA3,C4,not,negation
LLaMA3,C4,",",punctuation
LLaMA3,C4,200,number
LLaMA3,C4,missing,content/domain
LLaMA3,C4,not,negation
LLaMA3,C4,overly,content/domain
LLaMA3,C4,discouraged,content/domain
LLaMA3,C4,features,content/domain
LLaMA3,C4,The,stopword
LLaMA3,C4,overst,content/domain
LLaMA3,C4,(,punctuation
LLaMA3,C4,learning,content/domain
LLaMA3,C4,The,stopword
LLaMA3,C4,202,number
LLaMA3,C4,272,number
LLaMA3,C4,contrad,content/domain
LLaMA3,C4,limitations,evaluative
LLaMA3,C4,202,number
LLaMA3,C3,Zhu,content/domain
LLaMA3,C4,accurate,evaluative
LLaMA3,C4,(,punctuation
LLaMA3,C4,practical,content/domain
LLaMA3,C4,demonstrates,content/domain
LLaMA3,C4,word,content/domain
LLaMA3,C4,bank,content/domain
LLaMA3,C4,usefulness,content/domain
LLaMA3,C3,popular,evaluative
LLaMA3,C4,achieving,content/domain
LLaMA3,C4,7,number
LLaMA3,C4,.,punctuation
LLaMA3,C4,without,negation
LLaMA3,C4,model,content/domain
LLaMA3,C4,Furthermore,content/domain
LLaMA3,C4,",",punctuation
LLaMA3,C3,surprisingly,content/domain
LLaMA3,C4,202,number
LLaMA3,C4,When,content/domain
LLaMA3,C4,The,stopword
LLaMA3,C4,unnecessary,evaluative
LLaMA3,C4,.,punctuation
LLaMA3,C4,)',punctuation
LLaMA3,C4,valuable,content/domain
LLaMA3,C4,",",punctuation
LLaMA3,C4,The,stopword
LLaMA3,C4,without,negation
LLaMA3,C4,),punctuation
LLaMA3,C3,promotes,content/domain
LLaMA3,C4,innovative,content/domain
LLaMA3,C4,)',punctuation
LLaMA3,C4,our,stopword
LLaMA3,C4,not,negation
LLaMA3,C4,.,punctuation
LLaMA3,C4,seminal,content/domain
LLaMA3,C4,)',punctuation
LLaMA3,C4,trap,content/domain
LLaMA3,C4,wide,content/domain
LLaMA3,C4,rigorous,content/domain
LLaMA3,C4,(,punctuation
LLaMA3,C4,which,content/domain
LLaMA3,C4,",",punctuation
LLaMA3,C4,2,number
LLaMA3,C4,(,punctuation
LLaMA3,C4,While,stopword
LLaMA3,C4,inadequate,content/domain
LLaMA3,C4,of,stopword
LLaMA3,C4,)',punctuation
LLaMA3,C4,excessive,content/domain
LLaMA3,C4,202,number
LLaMA3,C4,)',punctuation
LLaMA3,C4,199,number
LLaMA3,C4,compelling,content/domain
LLaMA3,C4,202,number
LLaMA3,C4,The,stopword
LLaMA3,C4,)',punctuation
LLaMA3,C4,Another,content/domain
LLaMA3,C4,source,content/domain
LLaMA3,C4,We,stopword
LLaMA3,C4,errone,content/domain
LLaMA3,C4,)',punctuation
LLaMA3,C4,learning,content/domain
LLaMA3,C4,While,stopword
LLaMA3,C4,severely,content/domain
LLaMA3,C4,introduces,content/domain
LLaMA3,C4,However,content/domain
LLaMA3,C4,systems,content/domain
LLaMA3,C4,achieves,content/domain
LLaMA3,C4,optimal,content/domain
LLaMA3,C4,becoming,content/domain
LLaMA3,C4,ineffective,evaluative
LLaMA3,C4,demonstrates,content/domain
LLaMA3,C4,),punctuation
LLaMA3,C3,satisfying,evaluative
LLaMA3,C4,provides,content/domain
LLaMA3,C4,not,negation
LLaMA3,C4,5,number
LLaMA3,C4,ignores,content/domain
LLaMA3,C3,good,evaluative
LLaMA3,C4,",",punctuation
LLaMA3,C4,The,stopword
LLaMA3,C4,demonstrates,content/domain
LLaMA3,C4,incompatible,content/domain
LLaMA3,C4,success,content/domain
LLaMA3,C4,outdated,content/domain
LLaMA3,C4,",",punctuation
LLaMA3,C4,199,number
LLaMA3,C4,)',punctuation
LLaMA3,C4,No,negation
LLaMA3,C4,demonstrates,content/domain
LLaMA3,C4,While,stopword
LLaMA3,C4,each,stopword
LLaMA3,C4,.,punctuation
LLaMA3,C4,'s,content/domain
LLaMA3,C4,The,stopword
LLaMA3,C4,The,stopword
LLaMA3,C4,in,stopword
LLaMA3,C4,)',punctuation
LLaMA3,C4,In,stopword
LLaMA3,C4,(,punctuation
LLaMA3,C4,Wu,content/domain
LLaMA3,C4,deb,content/domain
LLaMA3,C4,contradictory,content/domain
LLaMA3,C4,Alternatively,content/domain
LLaMA3,C4,),punctuation
LLaMA3,C4,and,stopword
LLaMA3,C4,limitations,evaluative
LLaMA3,C4,),punctuation
LLaMA3,C4,applications,content/domain
LLaMA3,C4,in,stopword
LLaMA3,C4,)',punctuation
LLaMA3,C4,),punctuation
LLaMA3,C4,developed,content/domain
LLaMA3,C4,parsing,content/domain
LLaMA3,C4,missing,content/domain
LLaMA3,C4,starting,content/domain
LLaMA3,C4,an,stopword
LLaMA3,C4,200,number
LLaMA3,C4,202,number
LLaMA3,C4,)',punctuation
LLaMA3,C4,concerns,content/domain
LLaMA3,C4,inefficient,evaluative
LLaMA3,C4,202,number
LLaMA3,C4,),punctuation
LLaMA3,C4,excessive,content/domain
LLaMA3,C4,200,number
LLaMA3,C4,L,content/domain
LLaMA3,C4,demonstrates,content/domain
LLaMA3,C4,states,content/domain
LLaMA3,C4,text,content/domain
LLaMA3,C4,proposed,content/domain
LLaMA3,C4,inadequate,content/domain
LLaMA3,C4,suffered,content/domain
LLaMA3,C4,318,number
LLaMA3,C4,overhead,content/domain
LLaMA3,C4,suffered,content/domain
LLaMA3,C3,",",punctuation
LLaMA3,C4,The,stopword
LLaMA3,C4,not,negation
LLaMA3,C4,effectively,content/domain
LLaMA3,C4,presented,content/domain
LLaMA3,C4,and,stopword
LLaMA3,C4,not,negation
LLaMA3,C4,algorithm,content/domain
LLaMA3,C4,We,stopword
LLaMA3,C4,and,stopword
LLaMA3,C4,not,negation
LLaMA3,C4,rapid,evaluative
LLaMA3,C4,68,number
LLaMA3,C4,of,stopword
LLaMA3,C4,202,number
LLaMA3,C4,rapid,evaluative
LLaMA3,C4,model,content/domain
LLaMA3,C4,The,stopword
LLaMA3,C4,improves,content/domain
LLaMA3,C4,without,negation
LLaMA3,C3,)),punctuation
LLaMA3,C4,incompatible,content/domain
LLaMA3,C4,",",punctuation
LLaMA3,C4,)',punctuation
LLaMA3,C3,(,punctuation
LLaMA3,C3,not,negation
LLaMA3,C4,unfair,content/domain
LLaMA3,C4,not,negation
LLaMA3,C4,have,stopword
LLaMA3,C4,".,",punctuation
LLaMA3,C4,)',punctuation
LLaMA3,C4,The,stopword
LLaMA3,C4,Second,content/domain
LLaMA3,C4,inconsistencies,content/domain
LLaMA3,C4,al,content/domain
LLaMA3,C4,The,stopword
LLaMA3,C4,learning,content/domain
LLaMA3,C4,not,negation
LLaMA3,C4,(,punctuation
LLaMA3,C4,202,number
LLaMA3,C4,)',punctuation
LLaMA3,C4,limiting,content/domain
LLaMA3,C4,concept,content/domain
LLaMA3,C4,.,punctuation
LLaMA3,C4,not,negation
LLaMA3,C4,lacks,content/domain
LLaMA3,C4,.,punctuation
LLaMA3,C4,[,punctuation
LLaMA3,C4,)',punctuation
LLaMA3,C4,(W,content/domain
LLaMA3,C4,It,stopword
LLaMA3,C4,).,punctuation
LLaMA3,C4,learning,content/domain
LLaMA3,C4,attempts,content/domain
LLaMA3,C4,out,stopword
LLaMA3,C4,The,stopword
LLaMA3,C4,",",punctuation
LLaMA3,C4,202,number
LLaMA3,C4,In,stopword
LLaMA3,C4,substantial,content/domain
LLaMA3,C4,demonstrates,content/domain
LLaMA3,C3,method,content/domain
LLaMA3,C4,not,negation
LLaMA3,C4,",",punctuation
LLaMA3,C4,not,negation
LLaMA3,C4,While,stopword
LLaMA3,C4,robust,evaluative
LLaMA3,C3,demonstrated,content/domain
LLaMA3,C4,)',punctuation
LLaMA3,C4,",",punctuation
LLaMA3,C4,without,negation
LLaMA3,C4,),punctuation
LLaMA3,C4,parser,content/domain
LLaMA3,C4,without,negation
LLaMA3,C4,)',punctuation
LLaMA3,C4,)',punctuation
LLaMA3,C4,(,punctuation
LLaMA3,C4,introduces,content/domain
LLaMA3,C4,not,negation
LLaMA3,C4,.,punctuation
LLaMA3,C4,not,negation
LLaMA3,C4,same,stopword
LLaMA3,C4,.,punctuation
LLaMA3,C4,ropy,content/domain
LLaMA3,C4,not,negation
LLaMA3,C4,using,content/domain
LLaMA3,C4,"),",punctuation
LLaMA3,C4,using,content/domain
LLaMA3,C4,deep,content/domain
LLaMA3,C4,",",punctuation
LLaMA3,C4,not,negation
LLaMA3,C4,and,stopword
LLaMA3,C4,without,negation
LLaMA3,C4,199,number
LLaMA3,C4,5,number
LLaMA3,C4,)',punctuation
LLaMA3,C4,unstable,content/domain
LLaMA3,C4,approach,content/domain
LLaMA3,C4,inconsistencies,content/domain
LLaMA3,C4,)',punctuation
LLaMA3,C4,The,stopword
LLaMA3,C4,impr,content/domain
LLaMA3,C4,not,negation
LLaMA3,C4,The,stopword
LLaMA3,C4,unrealistic,content/domain
LLaMA3,C4,than,stopword
LLaMA3,C4,fails,content/domain
LLaMA3,C4,remains,content/domain
LLaMA3,C4,not,negation
LLaMA3,C4,feature,content/domain
LLaMA3,C4,.,punctuation
LLaMA3,C4,.,punctuation
LLaMA3,C4,",",punctuation
LLaMA3,C4,not,negation
LLaMA3,C4,demonstrates,content/domain
LLaMA3,C4,learning,content/domain
LLaMA3,C4,wait,content/domain
LLaMA3,C4,.,punctuation
LLaMA3,C4,We,stopword
LLaMA3,C4,202,number
LLaMA3,C4,Phrase,content/domain
LLaMA3,C4,not,negation
LLaMA3,C4,692,number
LLaMA3,C4,and,stopword
LLaMA3,C4,dis,content/domain
LLaMA3,C4,sector,content/domain
LLaMA3,C4,demonstrates,content/domain
LLaMA3,C4,Statistical,content/domain
LLaMA3,C4,202,number
LLaMA3,C4,not,negation
LLaMA3,C4,no,negation
LLaMA3,C4,parser,content/domain
LLaMA3,C4,One,content/domain
LLaMA3,C4,learning,content/domain
LLaMA3,C4,)',punctuation
LLaMA3,C4,In,stopword
LLaMA3,C4,fail,content/domain
LLaMA3,C4,simplest,content/domain
LLaMA3,C4,Also,content/domain
LLaMA3,C4,.,punctuation
LLaMA3,C4,)',punctuation
LLaMA3,C4,not,negation
LLaMA3,C3,-known,content/domain
LLaMA3,C4,substantial,content/domain
LLaMA3,C4,199,number
LLaMA3,C4,paper,content/domain
LLaMA3,C4,As,stopword
LLaMA3,C4,unnecessary,evaluative
LLaMA3,C4,unnecessary,evaluative
LLaMA3,C4,LOCATION,content/domain
LLaMA3,C4,)',punctuation
LLaMA3,C4,eleg,content/domain
LLaMA3,C4,not,negation
LLaMA3,C4,202,number
LLaMA3,C3,workshop,content/domain
LLaMA3,C4,learning,content/domain
LLaMA3,C4,(,punctuation
LLaMA3,C4,199,number
LLaMA3,C4,The,stopword
LLaMA3,C4,underscores,content/domain
LLaMA3,C4,(,punctuation
LLaMA3,C4,(,punctuation
LLaMA3,C4,not,negation
LLaMA3,C4,)',punctuation
LLaMA3,C4,limitations,evaluative
LLaMA3,C4,popular,evaluative
LLaMA3,C4,2,number
LLaMA3,C4,.,punctuation
LLaMA3,C4,their,stopword
LLaMA3,C4,valuable,content/domain
LLaMA3,C4,learning,content/domain
LLaMA3,C4,(,punctuation
LLaMA3,C4,The,stopword
LLaMA3,C4,learning,content/domain
LLaMA3,C4,continuous,content/domain
LLaMA3,C4,While,stopword
LLaMA3,C4,?,punctuation
LLaMA3,C3,well,content/domain
LLaMA3,C4,),punctuation
LLaMA3,C4,holds,content/domain
LLaMA3,C4,2,number
LLaMA3,C4,),punctuation
LLaMA3,C4,)',punctuation
LLaMA3,C3,(,punctuation
LLaMA3,C4,)',punctuation
LLaMA3,C4,ase,content/domain
LLaMA3,C4,learning,content/domain
LLaMA3,C4,makes,content/domain
LLaMA3,C4,The,stopword
LLaMA3,C4,.,punctuation
LLaMA3,C4,(,punctuation
LLaMA3,C4,head,content/domain
LLaMA3,C4,The,stopword
LLaMA3,C4,)',punctuation
LLaMA3,C4,),punctuation
LLaMA3,C4,concerns,content/domain
LLaMA3,C4,Furthermore,content/domain
LLaMA3,C4,wise,content/domain
LLaMA3,C4,not,negation
LLaMA3,C3,",",punctuation
LLaMA3,C4,instability,content/domain
LLaMA3,C4,202,number
LLaMA3,C4,learning,content/domain
LLaMA3,C4,199,number
LLaMA3,C4,)',punctuation
LLaMA3,C4,Instead,content/domain
LLaMA3,C4,Deep,content/domain
LLaMA3,C4,)',punctuation
LLaMA3,C3,cannot,content/domain
LLaMA3,C4,(,punctuation
LLaMA3,C4,",",punctuation
LLaMA3,C4,cannot,content/domain
LLaMA3,C4,.,punctuation
LLaMA3,C4,)',punctuation
LLaMA3,C4,eh,content/domain
LLaMA3,C4,remarkable,content/domain
LLaMA3,C4,learning,content/domain
LLaMA3,C4,introduced,content/domain
LLaMA3,C4,The,stopword
LLaMA3,C4,a,stopword
LLaMA3,C4,202,number
LLaMA3,C4,)',punctuation
LLaMA3,C4,"),",punctuation
LLaMA3,C4,(,punctuation
LLaMA3,C4,presents,content/domain
LLaMA3,C4,BLE,content/domain
LLaMA3,C4,202,number
LLaMA3,C4,(,punctuation
LLaMA3,C4,To,stopword
LLaMA3,C4,not,negation
LLaMA3,C4,inefficient,evaluative
LLaMA3,C4,the,stopword
LLaMA3,C3,iao,content/domain
LLaMA3,C4,not,negation
LLaMA3,C4,202,number
LLaMA3,C4,not,negation
LLaMA3,C4,),punctuation
LLaMA3,C4,perform,content/domain
LLaMA3,C4,rapid,evaluative
LLaMA3,C4,)',punctuation
LLaMA3,C4,not,negation
LLaMA3,C4,suffered,content/domain
LLaMA3,C4,learning,content/domain
LLaMA3,C4,While,stopword
LLaMA3,C4,innovative,content/domain
LLaMA3,C4,careful,content/domain
LLaMA3,C4,not,negation
LLaMA3,C4,impr,content/domain
LLaMA3,C3,suffers,content/domain
LLaMA3,C4,As,stopword
LLaMA3,C4,meticulously,content/domain
LLaMA3,C4,202,number
LLaMA3,C4,strong,evaluative
LLaMA3,C4,[,punctuation
LLaMA3,C4,learning,content/domain
LLaMA3,C4,not,negation
LLaMA3,C4,inadequate,content/domain
LLaMA3,C4,not,negation
LLaMA3,C4,",",punctuation
LLaMA3,C4,rapid,evaluative
LLaMA3,C4,where,content/domain
LLaMA3,C4,learning,content/domain
LLaMA3,C4,",",punctuation
LLaMA3,C4,exemplary,content/domain
LLaMA3,C4,.,punctuation
LLaMA3,C4,)',punctuation
LLaMA3,C4,become,content/domain
LLaMA3,C4,Deep,content/domain
LLaMA3,C4,202,number
LLaMA3,C4,achieves,content/domain
LLaMA3,C4,learning,content/domain
LLaMA3,C4,.,punctuation
LLaMA3,C4,The,stopword
LLaMA3,C4,yields,content/domain
LLaMA3,C4,impacting,content/domain
LLaMA3,C4,K,content/domain
LLaMA3,C4,(,punctuation
LLaMA3,C4,failed,content/domain
LLaMA3,C4,falls,content/domain
LLaMA3,C4,those,stopword
LLaMA3,C4,seminal,content/domain
LLaMA3,C4,no,negation
LLaMA3,C4,not,negation
LLaMA3,C4,rapid,evaluative
LLaMA3,C4,is,stopword
LLaMA3,C4,not,negation
LLaMA3,C4,initiated,content/domain
LLaMA3,C4,The,stopword
LLaMA3,C4,(G,content/domain
LLaMA3,C4,",",punctuation
LLaMA3,C4,seeds,content/domain
LLaMA3,C4,presented,content/domain
LLaMA3,C4,differences,content/domain
LLaMA3,C4,refined,content/domain
LLaMA3,C4,is,stopword
LLaMA3,C4,increasing,content/domain
LLaMA3,C3,extensive,content/domain
LLaMA3,C4,learning,content/domain
LLaMA3,C4,set,content/domain
LLaMA3,C4,without,negation
LLaMA3,C4,impr,content/domain
LLaMA3,C4,compare,content/domain
LLaMA3,C4,[,punctuation
LLaMA3,C4,expensive,content/domain
LLaMA3,C4,The,stopword
LLaMA3,C4,)',punctuation
LLaMA3,C4,Additionally,content/domain
LLaMA3,C4,without,negation
LLaMA3,C4,without,negation
LLaMA3,C4,)',punctuation
LLaMA3,C4,compromised,content/domain
LLaMA3,C4,(,punctuation
LLaMA3,C4,)',punctuation
LLaMA3,C4,obsolete,content/domain
LLaMA3,C3,D,content/domain
LLaMA3,C4,),punctuation
